/*
 Navicat Premium Data Transfer

 Source Server         : localhost
 Source Server Type    : MySQL
 Source Server Version : 80100
 Source Host           : localhost:3306
 Source Schema         : lh_db

 Target Server Type    : MySQL
 Target Server Version : 80100
 File Encoding         : 65001

 Date: 14/09/2023 14:48:08
*/

SET NAMES utf8mb4;
SET FOREIGN_KEY_CHECKS = 0;

-- ----------------------------
-- Table structure for base_consult_article
-- ----------------------------
DROP TABLE IF EXISTS `base_consult_article`;
CREATE TABLE `base_consult_article`  (
  `id` bigint(0) NOT NULL AUTO_INCREMENT COMMENT 'id',
  `title` varchar(100) CHARACTER SET utf8mb4 COLLATE utf8mb4_general_ci NULL DEFAULT NULL COMMENT '标题1系统设计2系统故障3系统节能4智能系统5建立模型6管线综合7施工方案8运维模型',
  `cover_img` varchar(500) CHARACTER SET utf8mb4 COLLATE utf8mb4_general_ci NULL DEFAULT NULL COMMENT '封面图片',
  `content` longtext CHARACTER SET utf8mb4 COLLATE utf8mb4_general_ci NULL COMMENT '内容',
  `create_by` varchar(100) CHARACTER SET utf8mb4 COLLATE utf8mb4_general_ci NULL DEFAULT NULL COMMENT '发布者',
  `create_time` datetime(0) NULL DEFAULT NULL COMMENT '创建时间',
  `update_time` datetime(0) NULL DEFAULT NULL COMMENT '修改时间',
  `update_by` varchar(100) CHARACTER SET utf8mb4 COLLATE utf8mb4_general_ci NULL DEFAULT NULL COMMENT '修改人',
  PRIMARY KEY (`id`) USING BTREE
) ENGINE = InnoDB AUTO_INCREMENT = 8 CHARACTER SET = utf8mb4 COLLATE = utf8mb4_general_ci COMMENT = '文章咨询' ROW_FORMAT = Dynamic;

-- ----------------------------
-- Records of base_consult_article
-- ----------------------------

-- ----------------------------
-- Table structure for base_feedback
-- ----------------------------
DROP TABLE IF EXISTS `base_feedback`;
CREATE TABLE `base_feedback`  (
  `id` bigint(0) UNSIGNED NOT NULL AUTO_INCREMENT COMMENT 'ID',
  `user_id` bigint(0) NULL DEFAULT NULL COMMENT '形象ID',
  `content` varchar(255) CHARACTER SET utf8mb3 COLLATE utf8mb3_general_ci NULL DEFAULT NULL COMMENT '反馈内容',
  `image_url` varchar(4000) CHARACTER SET utf8mb3 COLLATE utf8mb3_general_ci NULL DEFAULT NULL COMMENT '发卡图片',
  `status` varchar(255) CHARACTER SET utf8mb3 COLLATE utf8mb3_general_ci NULL DEFAULT NULL COMMENT '处理状态',
  `create_time` datetime(0) NULL DEFAULT NULL COMMENT '提交时间',
  `deal_time` datetime(0) NULL DEFAULT NULL COMMENT '处理时间',
  PRIMARY KEY (`id`) USING BTREE
) ENGINE = InnoDB AUTO_INCREMENT = 14 CHARACTER SET = utf8mb3 COLLATE = utf8mb3_general_ci COMMENT = '用户反馈' ROW_FORMAT = Dynamic;

-- ----------------------------
-- Records of base_feedback
-- ----------------------------
INSERT INTO `base_feedback` VALUES (3, 109, '好', NULL, '01', '2022-10-24 09:27:04', NULL);
INSERT INTO `base_feedback` VALUES (4, 109, '异常', NULL, '01', '2022-10-24 09:29:43', NULL);
INSERT INTO `base_feedback` VALUES (5, 109, '优化', NULL, '01', '2022-10-25 18:13:59', NULL);
INSERT INTO `base_feedback` VALUES (11, NULL, '', '', NULL, '2022-12-08 21:39:16', NULL);
INSERT INTO `base_feedback` VALUES (12, NULL, '', '', NULL, '2022-12-08 21:39:18', NULL);
INSERT INTO `base_feedback` VALUES (13, NULL, '', '', NULL, '2022-12-08 21:39:26', NULL);
INSERT INTO `base_feedback` VALUES (14, NULL, '', '', NULL, '2023-08-17 16:07:06', NULL);

-- ----------------------------
-- Table structure for base_model_config
-- ----------------------------
DROP TABLE IF EXISTS `base_model_config`;
CREATE TABLE `base_model_config`  (
  `id` bigint(0) UNSIGNED NOT NULL AUTO_INCREMENT COMMENT 'ID',
  `model_name` varchar(50) CHARACTER SET utf8mb3 COLLATE utf8mb3_general_ci NULL DEFAULT NULL COMMENT '模型名称',
  `img_url` varchar(300) CHARACTER SET utf8mb3 COLLATE utf8mb3_general_ci NULL DEFAULT NULL COMMENT '图片名称',
  `desc1` varchar(500) CHARACTER SET utf8mb3 COLLATE utf8mb3_general_ci NULL DEFAULT NULL COMMENT '描述',
  `desc2` varchar(500) CHARACTER SET utf8mb3 COLLATE utf8mb3_general_ci NULL DEFAULT NULL COMMENT '描述2',
  `show_flag` varchar(10) CHARACTER SET utf8mb3 COLLATE utf8mb3_general_ci NULL DEFAULT 'Y' COMMENT '是否展示',
  `sort_no` int(0) NULL DEFAULT NULL COMMENT '排序',
  `create_time` datetime(0) NULL DEFAULT NULL COMMENT '添加时间',
  `create_by` varchar(30) CHARACTER SET utf8mb3 COLLATE utf8mb3_general_ci NULL DEFAULT NULL COMMENT '添加人',
  PRIMARY KEY (`id`) USING BTREE
) ENGINE = InnoDB AUTO_INCREMENT = 6 CHARACTER SET = utf8mb3 COLLATE = utf8mb3_general_ci COMMENT = '暖通模型' ROW_FORMAT = Dynamic;

-- ----------------------------
-- Records of base_model_config
-- ----------------------------

-- ----------------------------
-- Table structure for base_product_info
-- ----------------------------
DROP TABLE IF EXISTS `base_product_info`;
CREATE TABLE `base_product_info`  (
  `id` bigint(0) UNSIGNED NOT NULL AUTO_INCREMENT COMMENT 'id',
  `type_id` bigint(0) NULL DEFAULT NULL COMMENT '产品类型',
  `type_name` varchar(30) CHARACTER SET utf8mb3 COLLATE utf8mb3_general_ci NULL DEFAULT NULL COMMENT '产品分类',
  `product_name` varchar(30) CHARACTER SET utf8mb3 COLLATE utf8mb3_general_ci NULL DEFAULT NULL COMMENT '产品名称',
  `img_url` varchar(500) CHARACTER SET utf8mb3 COLLATE utf8mb3_general_ci NULL DEFAULT NULL COMMENT '产品图片',
  `detail` text CHARACTER SET utf8mb3 COLLATE utf8mb3_general_ci NULL COMMENT '产品描述',
  `show_flag` varchar(10) CHARACTER SET utf8mb3 COLLATE utf8mb3_general_ci NULL DEFAULT 'Y' COMMENT '是否展示Y是N否',
  `remark` varchar(255) CHARACTER SET utf8mb3 COLLATE utf8mb3_general_ci NULL DEFAULT NULL COMMENT '备注',
  `price` decimal(10, 2) NULL DEFAULT NULL COMMENT '价格',
  `create_time` datetime(0) NULL DEFAULT NULL COMMENT '添加时间',
  `create_by` varchar(255) CHARACTER SET utf8mb3 COLLATE utf8mb3_general_ci NULL DEFAULT NULL COMMENT '添加人',
  `update_time` datetime(0) NULL DEFAULT NULL COMMENT '更改时间',
  `update_by` varchar(255) CHARACTER SET utf8mb3 COLLATE utf8mb3_general_ci NULL DEFAULT NULL COMMENT '更改人',
  PRIMARY KEY (`id`) USING BTREE
) ENGINE = InnoDB AUTO_INCREMENT = 13 CHARACTER SET = utf8mb3 COLLATE = utf8mb3_general_ci COMMENT = '产品' ROW_FORMAT = Dynamic;

-- ----------------------------
-- Records of base_product_info
-- ----------------------------

-- ----------------------------
-- Table structure for base_product_type
-- ----------------------------
DROP TABLE IF EXISTS `base_product_type`;
CREATE TABLE `base_product_type`  (
  `type_id` bigint(0) UNSIGNED NOT NULL AUTO_INCREMENT COMMENT '类型ID',
  `type_name` varchar(30) CHARACTER SET utf8mb3 COLLATE utf8mb3_general_ci NULL DEFAULT NULL COMMENT '类型名称',
  `category_type` varchar(10) CHARACTER SET utf8mb3 COLLATE utf8mb3_general_ci NULL DEFAULT NULL COMMENT '软件类型',
  `category_name` varchar(20) CHARACTER SET utf8mb3 COLLATE utf8mb3_general_ci NULL DEFAULT NULL COMMENT '软件类型名称',
  PRIMARY KEY (`type_id`) USING BTREE
) ENGINE = InnoDB AUTO_INCREMENT = 7 CHARACTER SET = utf8mb3 COLLATE = utf8mb3_general_ci ROW_FORMAT = Dynamic;

-- ----------------------------
-- Records of base_product_type
-- ----------------------------

-- ----------------------------
-- Table structure for base_text_content
-- ----------------------------
DROP TABLE IF EXISTS `base_text_content`;
CREATE TABLE `base_text_content`  (
  `id` bigint(0) UNSIGNED NOT NULL AUTO_INCREMENT COMMENT 'ID',
  `title` varchar(100) CHARACTER SET utf8mb3 COLLATE utf8mb3_general_ci NULL DEFAULT NULL COMMENT '标题',
  `remark` varchar(300) CHARACTER SET utf8mb3 COLLATE utf8mb3_general_ci NULL DEFAULT NULL COMMENT '备注',
  `content` longtext CHARACTER SET utf8mb3 COLLATE utf8mb3_general_ci NULL COMMENT '文本内容',
  `status` varchar(10) CHARACTER SET utf8mb3 COLLATE utf8mb3_general_ci NULL DEFAULT NULL COMMENT '是否可用',
  `create_by` varchar(64) CHARACTER SET utf8mb3 COLLATE utf8mb3_general_ci NULL DEFAULT '' COMMENT '创建者',
  `create_time` datetime(0) NULL DEFAULT NULL COMMENT '创建时间',
  `update_by` varchar(64) CHARACTER SET utf8mb3 COLLATE utf8mb3_general_ci NULL DEFAULT '' COMMENT '更新者',
  `update_time` datetime(0) NULL DEFAULT NULL COMMENT '更新时间',
  PRIMARY KEY (`id`) USING BTREE
) ENGINE = InnoDB AUTO_INCREMENT = 2 CHARACTER SET = utf8mb3 COLLATE = utf8mb3_general_ci COMMENT = '文本管理' ROW_FORMAT = Dynamic;

-- ----------------------------
-- Records of base_text_content
-- ----------------------------

-- ----------------------------
-- Table structure for gen_table
-- ----------------------------
DROP TABLE IF EXISTS `gen_table`;
CREATE TABLE `gen_table`  (
  `table_id` bigint(0) NOT NULL AUTO_INCREMENT COMMENT '编号',
  `table_name` varchar(200) CHARACTER SET utf8mb3 COLLATE utf8mb3_general_ci NULL DEFAULT '' COMMENT '表名称',
  `table_comment` varchar(500) CHARACTER SET utf8mb3 COLLATE utf8mb3_general_ci NULL DEFAULT '' COMMENT '表描述',
  `sub_table_name` varchar(64) CHARACTER SET utf8mb3 COLLATE utf8mb3_general_ci NULL DEFAULT NULL COMMENT '关联子表的表名',
  `sub_table_fk_name` varchar(64) CHARACTER SET utf8mb3 COLLATE utf8mb3_general_ci NULL DEFAULT NULL COMMENT '子表关联的外键名',
  `class_name` varchar(100) CHARACTER SET utf8mb3 COLLATE utf8mb3_general_ci NULL DEFAULT '' COMMENT '实体类名称',
  `tpl_category` varchar(200) CHARACTER SET utf8mb3 COLLATE utf8mb3_general_ci NULL DEFAULT 'crud' COMMENT '使用的模板（crud单表操作 tree树表操作）',
  `package_name` varchar(100) CHARACTER SET utf8mb3 COLLATE utf8mb3_general_ci NULL DEFAULT NULL COMMENT '生成包路径',
  `module_name` varchar(30) CHARACTER SET utf8mb3 COLLATE utf8mb3_general_ci NULL DEFAULT NULL COMMENT '生成模块名',
  `business_name` varchar(30) CHARACTER SET utf8mb3 COLLATE utf8mb3_general_ci NULL DEFAULT NULL COMMENT '生成业务名',
  `function_name` varchar(50) CHARACTER SET utf8mb3 COLLATE utf8mb3_general_ci NULL DEFAULT NULL COMMENT '生成功能名',
  `function_author` varchar(50) CHARACTER SET utf8mb3 COLLATE utf8mb3_general_ci NULL DEFAULT NULL COMMENT '生成功能作者',
  `gen_type` char(1) CHARACTER SET utf8mb3 COLLATE utf8mb3_general_ci NULL DEFAULT '0' COMMENT '生成代码方式（0zip压缩包 1自定义路径）',
  `gen_path` varchar(200) CHARACTER SET utf8mb3 COLLATE utf8mb3_general_ci NULL DEFAULT '/' COMMENT '生成路径（不填默认项目路径）',
  `options` varchar(1000) CHARACTER SET utf8mb3 COLLATE utf8mb3_general_ci NULL DEFAULT NULL COMMENT '其它生成选项',
  `create_by` varchar(64) CHARACTER SET utf8mb3 COLLATE utf8mb3_general_ci NULL DEFAULT '' COMMENT '创建者',
  `create_time` datetime(0) NULL DEFAULT NULL COMMENT '创建时间',
  `update_by` varchar(64) CHARACTER SET utf8mb3 COLLATE utf8mb3_general_ci NULL DEFAULT '' COMMENT '更新者',
  `update_time` datetime(0) NULL DEFAULT NULL COMMENT '更新时间',
  `remark` varchar(500) CHARACTER SET utf8mb3 COLLATE utf8mb3_general_ci NULL DEFAULT NULL COMMENT '备注',
  PRIMARY KEY (`table_id`) USING BTREE
) ENGINE = InnoDB AUTO_INCREMENT = 13 CHARACTER SET = utf8mb3 COLLATE = utf8mb3_general_ci COMMENT = '代码生成业务表' ROW_FORMAT = Dynamic;

-- ----------------------------
-- Records of gen_table
-- ----------------------------

-- ----------------------------
-- Table structure for gen_table_column
-- ----------------------------
DROP TABLE IF EXISTS `gen_table_column`;
CREATE TABLE `gen_table_column`  (
  `column_id` bigint(0) NOT NULL AUTO_INCREMENT COMMENT '编号',
  `table_id` varchar(64) CHARACTER SET utf8mb3 COLLATE utf8mb3_general_ci NULL DEFAULT NULL COMMENT '归属表编号',
  `column_name` varchar(200) CHARACTER SET utf8mb3 COLLATE utf8mb3_general_ci NULL DEFAULT NULL COMMENT '列名称',
  `column_comment` varchar(500) CHARACTER SET utf8mb3 COLLATE utf8mb3_general_ci NULL DEFAULT NULL COMMENT '列描述',
  `column_type` varchar(100) CHARACTER SET utf8mb3 COLLATE utf8mb3_general_ci NULL DEFAULT NULL COMMENT '列类型',
  `java_type` varchar(500) CHARACTER SET utf8mb3 COLLATE utf8mb3_general_ci NULL DEFAULT NULL COMMENT 'JAVA类型',
  `java_field` varchar(200) CHARACTER SET utf8mb3 COLLATE utf8mb3_general_ci NULL DEFAULT NULL COMMENT 'JAVA字段名',
  `is_pk` char(1) CHARACTER SET utf8mb3 COLLATE utf8mb3_general_ci NULL DEFAULT NULL COMMENT '是否主键（1是）',
  `is_increment` char(1) CHARACTER SET utf8mb3 COLLATE utf8mb3_general_ci NULL DEFAULT NULL COMMENT '是否自增（1是）',
  `is_required` char(1) CHARACTER SET utf8mb3 COLLATE utf8mb3_general_ci NULL DEFAULT NULL COMMENT '是否必填（1是）',
  `is_insert` char(1) CHARACTER SET utf8mb3 COLLATE utf8mb3_general_ci NULL DEFAULT NULL COMMENT '是否为插入字段（1是）',
  `is_edit` char(1) CHARACTER SET utf8mb3 COLLATE utf8mb3_general_ci NULL DEFAULT NULL COMMENT '是否编辑字段（1是）',
  `is_list` char(1) CHARACTER SET utf8mb3 COLLATE utf8mb3_general_ci NULL DEFAULT NULL COMMENT '是否列表字段（1是）',
  `is_query` char(1) CHARACTER SET utf8mb3 COLLATE utf8mb3_general_ci NULL DEFAULT NULL COMMENT '是否查询字段（1是）',
  `query_type` varchar(200) CHARACTER SET utf8mb3 COLLATE utf8mb3_general_ci NULL DEFAULT 'EQ' COMMENT '查询方式（等于、不等于、大于、小于、范围）',
  `html_type` varchar(200) CHARACTER SET utf8mb3 COLLATE utf8mb3_general_ci NULL DEFAULT NULL COMMENT '显示类型（文本框、文本域、下拉框、复选框、单选框、日期控件）',
  `dict_type` varchar(200) CHARACTER SET utf8mb3 COLLATE utf8mb3_general_ci NULL DEFAULT '' COMMENT '字典类型',
  `sort` int(0) NULL DEFAULT NULL COMMENT '排序',
  `create_by` varchar(64) CHARACTER SET utf8mb3 COLLATE utf8mb3_general_ci NULL DEFAULT '' COMMENT '创建者',
  `create_time` datetime(0) NULL DEFAULT NULL COMMENT '创建时间',
  `update_by` varchar(64) CHARACTER SET utf8mb3 COLLATE utf8mb3_general_ci NULL DEFAULT '' COMMENT '更新者',
  `update_time` datetime(0) NULL DEFAULT NULL COMMENT '更新时间',
  PRIMARY KEY (`column_id`) USING BTREE
) ENGINE = InnoDB AUTO_INCREMENT = 114 CHARACTER SET = utf8mb3 COLLATE = utf8mb3_general_ci COMMENT = '代码生成业务表字段' ROW_FORMAT = Dynamic;

-- ----------------------------
-- Table structure for home_page
-- ----------------------------
DROP TABLE IF EXISTS `home_page`;
CREATE TABLE `home_page`  (
  `id` bigint(0) NOT NULL AUTO_INCREMENT,
  `home_key` varchar(255) CHARACTER SET utf8mb3 COLLATE utf8mb3_general_ci NULL DEFAULT NULL,
  `home_value` varchar(255) CHARACTER SET utf8mb3 COLLATE utf8mb3_general_ci NULL DEFAULT NULL,
  `home_type` varchar(10) CHARACTER SET utf8mb3 COLLATE utf8mb3_general_ci NULL DEFAULT NULL COMMENT '首页分类(1.轮播图 2.banner)',
  `pic` varchar(255) CHARACTER SET utf8mb3 COLLATE utf8mb3_general_ci NULL DEFAULT NULL COMMENT '内容详情图片',
  `title` varchar(255) CHARACTER SET utf8mb3 COLLATE utf8mb3_general_ci NULL DEFAULT NULL COMMENT '标题',
  `content` longtext CHARACTER SET utf8mb3 COLLATE utf8mb3_general_ci NULL COMMENT '公告内容',
  `sort` int(0) NULL DEFAULT NULL COMMENT '排序',
  `status` varchar(10) CHARACTER SET utf8mb3 COLLATE utf8mb3_general_ci NULL DEFAULT NULL COMMENT '状态(1有效 2.无效)',
  `create_time` datetime(0) NULL DEFAULT NULL COMMENT '创建时间',
  `update_time` datetime(0) NULL DEFAULT NULL COMMENT '更新时间',
  PRIMARY KEY (`id`) USING BTREE
) ENGINE = InnoDB AUTO_INCREMENT = 9 CHARACTER SET = utf8mb3 COLLATE = utf8mb3_general_ci ROW_FORMAT = Dynamic;

-- ----------------------------
-- Records of home_page
-- ----------------------------
INSERT INTO `home_page` VALUES (9, NULL, NULL, '1', NULL, NULL, NULL, NULL, NULL, '2021-11-18 10:40:13', NULL);

-- ----------------------------
-- Table structure for item_detail
-- ----------------------------
DROP TABLE IF EXISTS `item_detail`;
CREATE TABLE `item_detail`  (
  `id` bigint(0) NOT NULL AUTO_INCREMENT,
  `title` varchar(255) CHARACTER SET utf8mb3 COLLATE utf8mb3_general_ci NULL DEFAULT NULL COMMENT '标题',
  `pic` varchar(255) CHARACTER SET utf8mb3 COLLATE utf8mb3_general_ci NULL DEFAULT NULL COMMENT '上传图片',
  `content` longtext CHARACTER SET utf8mb3 COLLATE utf8mb3_general_ci NULL COMMENT '文本内容',
  `parent_id` bigint(0) NULL DEFAULT NULL COMMENT '关联的模块Id',
  `create_time` datetime(0) NULL DEFAULT NULL COMMENT '创建时间',
  `create_by` varchar(255) CHARACTER SET utf8mb3 COLLATE utf8mb3_general_ci NULL DEFAULT NULL COMMENT '创建人',
  `update_time` datetime(0) NULL DEFAULT NULL COMMENT '更新时间',
  `update_by` varchar(255) CHARACTER SET utf8mb3 COLLATE utf8mb3_general_ci NULL DEFAULT NULL COMMENT '更新人',
  PRIMARY KEY (`id`) USING BTREE
) ENGINE = InnoDB AUTO_INCREMENT = 15 CHARACTER SET = utf8mb3 COLLATE = utf8mb3_general_ci ROW_FORMAT = Dynamic;

-- ----------------------------
-- Records of item_detail
-- ----------------------------

-- ----------------------------
-- Table structure for news
-- ----------------------------
DROP TABLE IF EXISTS `news`;
CREATE TABLE `news`  (
  `id` bigint(0) NOT NULL AUTO_INCREMENT,
  `title` varchar(255) CHARACTER SET utf8mb3 COLLATE utf8mb3_general_ci NULL DEFAULT NULL COMMENT '标题',
  `pic` varchar(255) CHARACTER SET utf8mb3 COLLATE utf8mb3_general_ci NULL DEFAULT NULL COMMENT '图片',
  `content` longtext CHARACTER SET utf8mb3 COLLATE utf8mb3_general_ci NULL COMMENT '新闻内容',
  `sort` int(0) NULL DEFAULT NULL COMMENT '位置排序',
  `status` varchar(255) CHARACTER SET utf8mb3 COLLATE utf8mb3_general_ci NULL DEFAULT NULL COMMENT '状态(1.展示 2.隐藏)',
  `read_num` int(0) NULL DEFAULT 0 COMMENT '浏览量',
  `create_time` datetime(0) NULL DEFAULT NULL COMMENT '创建时间',
  `create_by` varchar(255) CHARACTER SET utf8mb3 COLLATE utf8mb3_general_ci NULL DEFAULT NULL COMMENT '创建人',
  `update_time` datetime(0) NULL DEFAULT NULL COMMENT '更新时间',
  `update_by` varchar(255) CHARACTER SET utf8mb3 COLLATE utf8mb3_general_ci NULL DEFAULT NULL COMMENT '更新人',
  PRIMARY KEY (`id`) USING BTREE
) ENGINE = InnoDB AUTO_INCREMENT = 18 CHARACTER SET = utf8mb3 COLLATE = utf8mb3_general_ci ROW_FORMAT = Dynamic;

-- ----------------------------
-- Records of news
-- ----------------------------

-- ----------------------------
-- Table structure for order_detail
-- ----------------------------
DROP TABLE IF EXISTS `order_detail`;
CREATE TABLE `order_detail`  (
  `id` bigint(0) NOT NULL AUTO_INCREMENT,
  `order_id` bigint(0) NULL DEFAULT NULL COMMENT '订单ID',
  `content` text CHARACTER SET utf8mb3 COLLATE utf8mb3_general_ci NULL COMMENT '沟通内容',
  `user_id` bigint(0) NULL DEFAULT NULL,
  `status` varchar(10) CHARACTER SET utf8mb3 COLLATE utf8mb3_general_ci NULL DEFAULT NULL COMMENT '是否已读(1已读2未读)',
  `create_time` datetime(0) NULL DEFAULT NULL COMMENT '创建时间',
  `update_time` datetime(0) NULL DEFAULT NULL,
  PRIMARY KEY (`id`) USING BTREE
) ENGINE = InnoDB AUTO_INCREMENT = 89 CHARACTER SET = utf8mb3 COLLATE = utf8mb3_general_ci ROW_FORMAT = Dynamic;

-- ----------------------------
-- Records of order_detail
-- ----------------------------
INSERT INTO `order_detail` VALUES (61, 74, '你好', 24, '2', '2021-11-17 14:31:04', NULL);
INSERT INTO `order_detail` VALUES (62, 78, '喜欢就健健康康看', 25, '2', '2021-11-18 09:34:08', NULL);
INSERT INTO `order_detail` VALUES (63, 77, '百战百胜你说呢', 25, '2', '2021-11-18 09:45:34', NULL);

-- ----------------------------
-- Table structure for permission
-- ----------------------------
DROP TABLE IF EXISTS `permission`;
CREATE TABLE `permission`  (
  `id` bigint(0) NOT NULL AUTO_INCREMENT,
  `permission_name` varchar(255) CHARACTER SET utf8mb3 COLLATE utf8mb3_general_ci NULL DEFAULT NULL COMMENT '权限名称',
  `english_name` varchar(255) CHARACTER SET utf8mb3 COLLATE utf8mb3_general_ci NULL DEFAULT NULL COMMENT '英文名称',
  `create_time` datetime(0) NULL DEFAULT NULL COMMENT '创建时间',
  `create_by` varchar(255) CHARACTER SET utf8mb3 COLLATE utf8mb3_general_ci NULL DEFAULT NULL COMMENT '创建人',
  `update_time` datetime(0) NULL DEFAULT NULL COMMENT '更新时间',
  `update_by` varchar(255) CHARACTER SET utf8mb3 COLLATE utf8mb3_general_ci NULL DEFAULT NULL COMMENT '更新人',
  PRIMARY KEY (`id`) USING BTREE
) ENGINE = InnoDB AUTO_INCREMENT = 4 CHARACTER SET = utf8mb3 COLLATE = utf8mb3_general_ci ROW_FORMAT = Dynamic;

-- ----------------------------
-- Records of permission
-- ----------------------------
INSERT INTO `permission` VALUES (1, '咨询权限', 'consult', '2021-11-09 14:09:13', NULL, NULL, NULL);
INSERT INTO `permission` VALUES (2, '派单权限', 'distribute', '2021-11-09 14:09:34', NULL, NULL, NULL);
INSERT INTO `permission` VALUES (3, '登录后台', 'login', '2021-11-17 09:31:26', NULL, NULL, NULL);

-- ----------------------------
-- Table structure for post_permission
-- ----------------------------
DROP TABLE IF EXISTS `post_permission`;
CREATE TABLE `post_permission`  (
  `id` bigint(0) NOT NULL AUTO_INCREMENT,
  `post_id` bigint(0) NULL DEFAULT NULL,
  `permission_id` bigint(0) NULL DEFAULT NULL,
  `create_time` datetime(0) NULL DEFAULT NULL,
  `create_by` varchar(255) CHARACTER SET utf8mb3 COLLATE utf8mb3_general_ci NULL DEFAULT NULL COMMENT '创建人',
  `update_time` datetime(0) NULL DEFAULT NULL COMMENT '更新时间',
  `update_by` varchar(255) CHARACTER SET utf8mb3 COLLATE utf8mb3_general_ci NULL DEFAULT NULL COMMENT '更新人',
  PRIMARY KEY (`id`) USING BTREE
) ENGINE = InnoDB AUTO_INCREMENT = 33 CHARACTER SET = utf8mb3 COLLATE = utf8mb3_general_ci ROW_FORMAT = Dynamic;

-- ----------------------------
-- Records of post_permission
-- ----------------------------
INSERT INTO `post_permission` VALUES (1, 5, 1, '2021-11-09 14:50:01', NULL, NULL, NULL);
INSERT INTO `post_permission` VALUES (2, 5, 2, '2021-11-09 14:49:58', NULL, NULL, NULL);
INSERT INTO `post_permission` VALUES (5, 11, 1, '2021-11-17 10:34:02', NULL, NULL, NULL);
INSERT INTO `post_permission` VALUES (6, 11, 2, '2021-11-17 10:34:02', NULL, NULL, NULL);
INSERT INTO `post_permission` VALUES (11, 3, 1, '2021-11-17 16:55:52', NULL, NULL, NULL);
INSERT INTO `post_permission` VALUES (12, 3, 2, '2021-11-17 16:55:52', NULL, NULL, NULL);
INSERT INTO `post_permission` VALUES (13, 3, 3, '2021-11-17 16:55:52', NULL, NULL, NULL);
INSERT INTO `post_permission` VALUES (19, 13, 1, '2021-11-24 15:56:55', NULL, NULL, NULL);
INSERT INTO `post_permission` VALUES (20, 13, 2, '2021-11-24 15:56:55', NULL, NULL, NULL);
INSERT INTO `post_permission` VALUES (21, 13, 3, '2021-11-24 15:56:55', NULL, NULL, NULL);
INSERT INTO `post_permission` VALUES (22, 6, 1, '2021-11-24 16:04:08', NULL, NULL, NULL);
INSERT INTO `post_permission` VALUES (23, 14, 1, '2021-11-24 16:07:19', NULL, NULL, NULL);
INSERT INTO `post_permission` VALUES (24, 14, 2, '2021-11-24 16:07:19', NULL, NULL, NULL);
INSERT INTO `post_permission` VALUES (25, 1, 1, '2021-11-24 16:50:03', NULL, NULL, NULL);
INSERT INTO `post_permission` VALUES (26, 1, 2, '2021-11-24 16:50:03', NULL, NULL, NULL);
INSERT INTO `post_permission` VALUES (27, 1, 3, '2021-11-24 16:50:03', NULL, NULL, NULL);
INSERT INTO `post_permission` VALUES (28, 2, 2, '2021-11-24 16:54:21', NULL, NULL, NULL);
INSERT INTO `post_permission` VALUES (29, 2, 1, '2021-11-24 16:54:21', NULL, NULL, NULL);
INSERT INTO `post_permission` VALUES (30, 15, 1, '2021-11-24 16:55:30', NULL, NULL, NULL);
INSERT INTO `post_permission` VALUES (31, 16, 1, '2022-12-07 10:41:08', NULL, NULL, NULL);
INSERT INTO `post_permission` VALUES (32, 16, 2, '2022-12-07 10:41:08', NULL, NULL, NULL);

-- ----------------------------
-- Table structure for project
-- ----------------------------
DROP TABLE IF EXISTS `project`;
CREATE TABLE `project`  (
  `id` int(0) NOT NULL AUTO_INCREMENT,
  `name` varchar(45) CHARACTER SET utf8mb3 COLLATE utf8mb3_general_ci NULL DEFAULT NULL COMMENT '项目名称',
  `introduction` varchar(255) CHARACTER SET utf8mb3 COLLATE utf8mb3_general_ci NULL DEFAULT NULL COMMENT '项目简介',
  `pic` varchar(255) CHARACTER SET utf8mb3 COLLATE utf8mb3_general_ci NULL DEFAULT NULL COMMENT '项目封面图',
  `is_del` varchar(45) CHARACTER SET utf8mb3 COLLATE utf8mb3_general_ci NULL DEFAULT NULL COMMENT '是否删除 ，0 删除，1 正常',
  `is_show` varchar(45) CHARACTER SET utf8mb3 COLLATE utf8mb3_general_ci NULL DEFAULT '1' COMMENT '是否显示 0 不显示，1 显示',
  `create_time` datetime(0) NULL DEFAULT NULL COMMENT '创建时间',
  `create_by` varchar(255) CHARACTER SET utf8mb3 COLLATE utf8mb3_general_ci NULL DEFAULT NULL COMMENT '创建人',
  `update_time` datetime(0) NULL DEFAULT NULL COMMENT '更新时间',
  `update_by` varchar(255) CHARACTER SET utf8mb3 COLLATE utf8mb3_general_ci NULL DEFAULT NULL COMMENT '更新人',
  PRIMARY KEY (`id`) USING BTREE
) ENGINE = InnoDB AUTO_INCREMENT = 20 CHARACTER SET = utf8mb3 COLLATE = utf8mb3_general_ci COMMENT = '项目' ROW_FORMAT = Dynamic;

-- ----------------------------
-- Records of project
-- ----------------------------

-- ----------------------------
-- Table structure for project_case
-- ----------------------------
DROP TABLE IF EXISTS `project_case`;
CREATE TABLE `project_case`  (
  `id` bigint(0) NOT NULL AUTO_INCREMENT,
  `title` varchar(255) CHARACTER SET utf8mb3 COLLATE utf8mb3_general_ci NULL DEFAULT NULL COMMENT '标题',
  `sub_title` varchar(255) CHARACTER SET utf8mb3 COLLATE utf8mb3_general_ci NULL DEFAULT NULL COMMENT '子标题',
  `pic` varchar(255) CHARACTER SET utf8mb3 COLLATE utf8mb3_general_ci NULL DEFAULT NULL COMMENT '图片',
  `content` longtext CHARACTER SET utf8mb3 COLLATE utf8mb3_general_ci NULL COMMENT '图片内容',
  `sort` int(0) NULL DEFAULT NULL COMMENT '位置排序字段',
  `status` varchar(255) CHARACTER SET utf8mb3 COLLATE utf8mb3_general_ci NULL DEFAULT NULL COMMENT '状态(1.正常2.删除)',
  `read_num` int(0) NULL DEFAULT 0 COMMENT '阅读量',
  `create_time` datetime(0) NULL DEFAULT NULL COMMENT '创建时间',
  `create_by` varchar(255) CHARACTER SET utf8mb3 COLLATE utf8mb3_general_ci NULL DEFAULT NULL COMMENT '创建人',
  `update_time` datetime(0) NULL DEFAULT NULL COMMENT '更新时间',
  `update_by` varchar(255) CHARACTER SET utf8mb3 COLLATE utf8mb3_general_ci NULL DEFAULT NULL COMMENT '更新人',
  PRIMARY KEY (`id`) USING BTREE
) ENGINE = InnoDB AUTO_INCREMENT = 12 CHARACTER SET = utf8mb3 COLLATE = utf8mb3_general_ci ROW_FORMAT = Dynamic;

-- ----------------------------
-- Records of project_case
-- ----------------------------

-- ----------------------------
-- Table structure for project_detail
-- ----------------------------
DROP TABLE IF EXISTS `project_detail`;
CREATE TABLE `project_detail`  (
  `id` int(0) NOT NULL,
  `project_id` varchar(45) CHARACTER SET utf8mb3 COLLATE utf8mb3_general_ci NULL DEFAULT NULL COMMENT '项目id',
  `project_name` varchar(255) CHARACTER SET utf8mb3 COLLATE utf8mb3_general_ci NULL DEFAULT NULL COMMENT '项目名称',
  `type` varchar(45) CHARACTER SET utf8mb3 COLLATE utf8mb3_general_ci NULL DEFAULT NULL COMMENT '分类（1：操作指南；2：项目亮点）',
  `plate` varchar(45) CHARACTER SET utf8mb3 COLLATE utf8mb3_general_ci NULL DEFAULT NULL COMMENT '板块（1热力阀、2管道、3锅炉）',
  `qr_code` varchar(255) CHARACTER SET utf8mb3 COLLATE utf8mb3_general_ci NULL DEFAULT NULL COMMENT '二维码',
  `video` varchar(255) CHARACTER SET utf8mb3 COLLATE utf8mb3_general_ci NULL DEFAULT NULL COMMENT '视频',
  `is_del` varchar(45) CHARACTER SET utf8mb3 COLLATE utf8mb3_general_ci NULL DEFAULT '1' COMMENT '是否删除，0 删除  1 正常',
  `description` varchar(255) CHARACTER SET utf8mb3 COLLATE utf8mb3_general_ci NULL DEFAULT NULL COMMENT '描述',
  `create_time` datetime(0) NULL DEFAULT NULL COMMENT '创建时间',
  `create_by` varchar(45) CHARACTER SET utf8mb3 COLLATE utf8mb3_general_ci NULL DEFAULT NULL COMMENT '创建人',
  `update_time` datetime(0) NULL DEFAULT NULL,
  `update_by` varchar(45) CHARACTER SET utf8mb3 COLLATE utf8mb3_general_ci NULL DEFAULT NULL COMMENT '更新人',
  `hits` varchar(255) CHARACTER SET utf8mb3 COLLATE utf8mb3_general_ci NULL DEFAULT '0' COMMENT '点击量',
  PRIMARY KEY (`id`) USING BTREE
) ENGINE = InnoDB CHARACTER SET = utf8mb3 COLLATE = utf8mb3_general_ci COMMENT = '项目明细' ROW_FORMAT = Dynamic;

-- ----------------------------
-- Records of project_detail
-- ----------------------------

-- ----------------------------
-- Table structure for qrtz_blob_triggers
-- ----------------------------
DROP TABLE IF EXISTS `qrtz_blob_triggers`;
CREATE TABLE `qrtz_blob_triggers`  (
  `sched_name` varchar(120) CHARACTER SET utf8mb3 COLLATE utf8mb3_general_ci NOT NULL,
  `trigger_name` varchar(200) CHARACTER SET utf8mb3 COLLATE utf8mb3_general_ci NOT NULL,
  `trigger_group` varchar(200) CHARACTER SET utf8mb3 COLLATE utf8mb3_general_ci NOT NULL,
  `blob_data` blob NULL,
  PRIMARY KEY (`sched_name`, `trigger_name`, `trigger_group`) USING BTREE,
  CONSTRAINT `qrtz_blob_triggers_ibfk_1` FOREIGN KEY (`sched_name`, `trigger_name`, `trigger_group`) REFERENCES `qrtz_triggers` (`sched_name`, `trigger_name`, `trigger_group`) ON DELETE RESTRICT ON UPDATE RESTRICT
) ENGINE = InnoDB CHARACTER SET = utf8mb3 COLLATE = utf8mb3_general_ci ROW_FORMAT = Dynamic;

-- ----------------------------
-- Records of qrtz_blob_triggers
-- ----------------------------

-- ----------------------------
-- Table structure for qrtz_calendars
-- ----------------------------
DROP TABLE IF EXISTS `qrtz_calendars`;
CREATE TABLE `qrtz_calendars`  (
  `sched_name` varchar(120) CHARACTER SET utf8mb3 COLLATE utf8mb3_general_ci NOT NULL,
  `calendar_name` varchar(200) CHARACTER SET utf8mb3 COLLATE utf8mb3_general_ci NOT NULL,
  `calendar` blob NOT NULL,
  PRIMARY KEY (`sched_name`, `calendar_name`) USING BTREE
) ENGINE = InnoDB CHARACTER SET = utf8mb3 COLLATE = utf8mb3_general_ci ROW_FORMAT = Dynamic;

-- ----------------------------
-- Records of qrtz_calendars
-- ----------------------------

-- ----------------------------
-- Table structure for qrtz_cron_triggers
-- ----------------------------
DROP TABLE IF EXISTS `qrtz_cron_triggers`;
CREATE TABLE `qrtz_cron_triggers`  (
  `sched_name` varchar(120) CHARACTER SET utf8mb3 COLLATE utf8mb3_general_ci NOT NULL,
  `trigger_name` varchar(200) CHARACTER SET utf8mb3 COLLATE utf8mb3_general_ci NOT NULL,
  `trigger_group` varchar(200) CHARACTER SET utf8mb3 COLLATE utf8mb3_general_ci NOT NULL,
  `cron_expression` varchar(200) CHARACTER SET utf8mb3 COLLATE utf8mb3_general_ci NOT NULL,
  `time_zone_id` varchar(80) CHARACTER SET utf8mb3 COLLATE utf8mb3_general_ci NULL DEFAULT NULL,
  PRIMARY KEY (`sched_name`, `trigger_name`, `trigger_group`) USING BTREE,
  CONSTRAINT `qrtz_cron_triggers_ibfk_1` FOREIGN KEY (`sched_name`, `trigger_name`, `trigger_group`) REFERENCES `qrtz_triggers` (`sched_name`, `trigger_name`, `trigger_group`) ON DELETE RESTRICT ON UPDATE RESTRICT
) ENGINE = InnoDB CHARACTER SET = utf8mb3 COLLATE = utf8mb3_general_ci ROW_FORMAT = Dynamic;

-- ----------------------------
-- Records of qrtz_cron_triggers
-- ----------------------------

-- ----------------------------
-- Table structure for qrtz_fired_triggers
-- ----------------------------
DROP TABLE IF EXISTS `qrtz_fired_triggers`;
CREATE TABLE `qrtz_fired_triggers`  (
  `sched_name` varchar(120) CHARACTER SET utf8mb3 COLLATE utf8mb3_general_ci NOT NULL,
  `entry_id` varchar(95) CHARACTER SET utf8mb3 COLLATE utf8mb3_general_ci NOT NULL,
  `trigger_name` varchar(200) CHARACTER SET utf8mb3 COLLATE utf8mb3_general_ci NOT NULL,
  `trigger_group` varchar(200) CHARACTER SET utf8mb3 COLLATE utf8mb3_general_ci NOT NULL,
  `instance_name` varchar(200) CHARACTER SET utf8mb3 COLLATE utf8mb3_general_ci NOT NULL,
  `fired_time` bigint(0) NOT NULL,
  `sched_time` bigint(0) NOT NULL,
  `priority` int(0) NOT NULL,
  `state` varchar(16) CHARACTER SET utf8mb3 COLLATE utf8mb3_general_ci NOT NULL,
  `job_name` varchar(200) CHARACTER SET utf8mb3 COLLATE utf8mb3_general_ci NULL DEFAULT NULL,
  `job_group` varchar(200) CHARACTER SET utf8mb3 COLLATE utf8mb3_general_ci NULL DEFAULT NULL,
  `is_nonconcurrent` varchar(1) CHARACTER SET utf8mb3 COLLATE utf8mb3_general_ci NULL DEFAULT NULL,
  `requests_recovery` varchar(1) CHARACTER SET utf8mb3 COLLATE utf8mb3_general_ci NULL DEFAULT NULL,
  PRIMARY KEY (`sched_name`, `entry_id`) USING BTREE
) ENGINE = InnoDB CHARACTER SET = utf8mb3 COLLATE = utf8mb3_general_ci ROW_FORMAT = Dynamic;

-- ----------------------------
-- Records of qrtz_fired_triggers
-- ----------------------------

-- ----------------------------
-- Table structure for qrtz_job_details
-- ----------------------------
DROP TABLE IF EXISTS `qrtz_job_details`;
CREATE TABLE `qrtz_job_details`  (
  `sched_name` varchar(120) CHARACTER SET utf8mb3 COLLATE utf8mb3_general_ci NOT NULL,
  `job_name` varchar(200) CHARACTER SET utf8mb3 COLLATE utf8mb3_general_ci NOT NULL,
  `job_group` varchar(200) CHARACTER SET utf8mb3 COLLATE utf8mb3_general_ci NOT NULL,
  `description` varchar(250) CHARACTER SET utf8mb3 COLLATE utf8mb3_general_ci NULL DEFAULT NULL,
  `job_class_name` varchar(250) CHARACTER SET utf8mb3 COLLATE utf8mb3_general_ci NOT NULL,
  `is_durable` varchar(1) CHARACTER SET utf8mb3 COLLATE utf8mb3_general_ci NOT NULL,
  `is_nonconcurrent` varchar(1) CHARACTER SET utf8mb3 COLLATE utf8mb3_general_ci NOT NULL,
  `is_update_data` varchar(1) CHARACTER SET utf8mb3 COLLATE utf8mb3_general_ci NOT NULL,
  `requests_recovery` varchar(1) CHARACTER SET utf8mb3 COLLATE utf8mb3_general_ci NOT NULL,
  `job_data` blob NULL,
  PRIMARY KEY (`sched_name`, `job_name`, `job_group`) USING BTREE
) ENGINE = InnoDB CHARACTER SET = utf8mb3 COLLATE = utf8mb3_general_ci ROW_FORMAT = Dynamic;

-- ----------------------------
-- Records of qrtz_job_details
-- ----------------------------

-- ----------------------------
-- Table structure for qrtz_locks
-- ----------------------------
DROP TABLE IF EXISTS `qrtz_locks`;
CREATE TABLE `qrtz_locks`  (
  `sched_name` varchar(120) CHARACTER SET utf8mb3 COLLATE utf8mb3_general_ci NOT NULL,
  `lock_name` varchar(40) CHARACTER SET utf8mb3 COLLATE utf8mb3_general_ci NOT NULL,
  PRIMARY KEY (`sched_name`, `lock_name`) USING BTREE
) ENGINE = InnoDB CHARACTER SET = utf8mb3 COLLATE = utf8mb3_general_ci ROW_FORMAT = Dynamic;

-- ----------------------------
-- Records of qrtz_locks
-- ----------------------------

-- ----------------------------
-- Table structure for qrtz_paused_trigger_grps
-- ----------------------------
DROP TABLE IF EXISTS `qrtz_paused_trigger_grps`;
CREATE TABLE `qrtz_paused_trigger_grps`  (
  `sched_name` varchar(120) CHARACTER SET utf8mb3 COLLATE utf8mb3_general_ci NOT NULL,
  `trigger_group` varchar(200) CHARACTER SET utf8mb3 COLLATE utf8mb3_general_ci NOT NULL,
  PRIMARY KEY (`sched_name`, `trigger_group`) USING BTREE
) ENGINE = InnoDB CHARACTER SET = utf8mb3 COLLATE = utf8mb3_general_ci ROW_FORMAT = Dynamic;

-- ----------------------------
-- Records of qrtz_paused_trigger_grps
-- ----------------------------

-- ----------------------------
-- Table structure for qrtz_scheduler_state
-- ----------------------------
DROP TABLE IF EXISTS `qrtz_scheduler_state`;
CREATE TABLE `qrtz_scheduler_state`  (
  `sched_name` varchar(120) CHARACTER SET utf8mb3 COLLATE utf8mb3_general_ci NOT NULL,
  `instance_name` varchar(200) CHARACTER SET utf8mb3 COLLATE utf8mb3_general_ci NOT NULL,
  `last_checkin_time` bigint(0) NOT NULL,
  `checkin_interval` bigint(0) NOT NULL,
  PRIMARY KEY (`sched_name`, `instance_name`) USING BTREE
) ENGINE = InnoDB CHARACTER SET = utf8mb3 COLLATE = utf8mb3_general_ci ROW_FORMAT = Dynamic;

-- ----------------------------
-- Records of qrtz_scheduler_state
-- ----------------------------


-- ----------------------------
-- Table structure for qrtz_simple_triggers
-- ----------------------------
DROP TABLE IF EXISTS `qrtz_simple_triggers`;
CREATE TABLE `qrtz_simple_triggers`  (
  `sched_name` varchar(120) CHARACTER SET utf8mb3 COLLATE utf8mb3_general_ci NOT NULL,
  `trigger_name` varchar(200) CHARACTER SET utf8mb3 COLLATE utf8mb3_general_ci NOT NULL,
  `trigger_group` varchar(200) CHARACTER SET utf8mb3 COLLATE utf8mb3_general_ci NOT NULL,
  `repeat_count` bigint(0) NOT NULL,
  `repeat_interval` bigint(0) NOT NULL,
  `times_triggered` bigint(0) NOT NULL,
  PRIMARY KEY (`sched_name`, `trigger_name`, `trigger_group`) USING BTREE,
  CONSTRAINT `qrtz_simple_triggers_ibfk_1` FOREIGN KEY (`sched_name`, `trigger_name`, `trigger_group`) REFERENCES `qrtz_triggers` (`sched_name`, `trigger_name`, `trigger_group`) ON DELETE RESTRICT ON UPDATE RESTRICT
) ENGINE = InnoDB CHARACTER SET = utf8mb3 COLLATE = utf8mb3_general_ci ROW_FORMAT = Dynamic;

-- ----------------------------
-- Records of qrtz_simple_triggers
-- ----------------------------

-- ----------------------------
-- Table structure for qrtz_simprop_triggers
-- ----------------------------
DROP TABLE IF EXISTS `qrtz_simprop_triggers`;
CREATE TABLE `qrtz_simprop_triggers`  (
  `sched_name` varchar(120) CHARACTER SET utf8mb3 COLLATE utf8mb3_general_ci NOT NULL,
  `trigger_name` varchar(200) CHARACTER SET utf8mb3 COLLATE utf8mb3_general_ci NOT NULL,
  `trigger_group` varchar(200) CHARACTER SET utf8mb3 COLLATE utf8mb3_general_ci NOT NULL,
  `str_prop_1` varchar(512) CHARACTER SET utf8mb3 COLLATE utf8mb3_general_ci NULL DEFAULT NULL,
  `str_prop_2` varchar(512) CHARACTER SET utf8mb3 COLLATE utf8mb3_general_ci NULL DEFAULT NULL,
  `str_prop_3` varchar(512) CHARACTER SET utf8mb3 COLLATE utf8mb3_general_ci NULL DEFAULT NULL,
  `int_prop_1` int(0) NULL DEFAULT NULL,
  `int_prop_2` int(0) NULL DEFAULT NULL,
  `long_prop_1` bigint(0) NULL DEFAULT NULL,
  `long_prop_2` bigint(0) NULL DEFAULT NULL,
  `dec_prop_1` decimal(13, 4) NULL DEFAULT NULL,
  `dec_prop_2` decimal(13, 4) NULL DEFAULT NULL,
  `bool_prop_1` varchar(1) CHARACTER SET utf8mb3 COLLATE utf8mb3_general_ci NULL DEFAULT NULL,
  `bool_prop_2` varchar(1) CHARACTER SET utf8mb3 COLLATE utf8mb3_general_ci NULL DEFAULT NULL,
  PRIMARY KEY (`sched_name`, `trigger_name`, `trigger_group`) USING BTREE,
  CONSTRAINT `qrtz_simprop_triggers_ibfk_1` FOREIGN KEY (`sched_name`, `trigger_name`, `trigger_group`) REFERENCES `qrtz_triggers` (`sched_name`, `trigger_name`, `trigger_group`) ON DELETE RESTRICT ON UPDATE RESTRICT
) ENGINE = InnoDB CHARACTER SET = utf8mb3 COLLATE = utf8mb3_general_ci ROW_FORMAT = Dynamic;

-- ----------------------------
-- Records of qrtz_simprop_triggers
-- ----------------------------

-- ----------------------------
-- Table structure for qrtz_triggers
-- ----------------------------
DROP TABLE IF EXISTS `qrtz_triggers`;
CREATE TABLE `qrtz_triggers`  (
  `sched_name` varchar(120) CHARACTER SET utf8mb3 COLLATE utf8mb3_general_ci NOT NULL,
  `trigger_name` varchar(200) CHARACTER SET utf8mb3 COLLATE utf8mb3_general_ci NOT NULL,
  `trigger_group` varchar(200) CHARACTER SET utf8mb3 COLLATE utf8mb3_general_ci NOT NULL,
  `job_name` varchar(200) CHARACTER SET utf8mb3 COLLATE utf8mb3_general_ci NOT NULL,
  `job_group` varchar(200) CHARACTER SET utf8mb3 COLLATE utf8mb3_general_ci NOT NULL,
  `description` varchar(250) CHARACTER SET utf8mb3 COLLATE utf8mb3_general_ci NULL DEFAULT NULL,
  `next_fire_time` bigint(0) NULL DEFAULT NULL,
  `prev_fire_time` bigint(0) NULL DEFAULT NULL,
  `priority` int(0) NULL DEFAULT NULL,
  `trigger_state` varchar(16) CHARACTER SET utf8mb3 COLLATE utf8mb3_general_ci NOT NULL,
  `trigger_type` varchar(8) CHARACTER SET utf8mb3 COLLATE utf8mb3_general_ci NOT NULL,
  `start_time` bigint(0) NOT NULL,
  `end_time` bigint(0) NULL DEFAULT NULL,
  `calendar_name` varchar(200) CHARACTER SET utf8mb3 COLLATE utf8mb3_general_ci NULL DEFAULT NULL,
  `misfire_instr` smallint(0) NULL DEFAULT NULL,
  `job_data` blob NULL,
  PRIMARY KEY (`sched_name`, `trigger_name`, `trigger_group`) USING BTREE,
  INDEX `sched_name`(`sched_name`, `job_name`, `job_group`) USING BTREE,
  CONSTRAINT `qrtz_triggers_ibfk_1` FOREIGN KEY (`sched_name`, `job_name`, `job_group`) REFERENCES `qrtz_job_details` (`sched_name`, `job_name`, `job_group`) ON DELETE RESTRICT ON UPDATE RESTRICT
) ENGINE = InnoDB CHARACTER SET = utf8mb3 COLLATE = utf8mb3_general_ci ROW_FORMAT = Dynamic;

-- ----------------------------
-- Records of qrtz_triggers
-- ----------------------------

-- ----------------------------
-- Table structure for service_item
-- ----------------------------
DROP TABLE IF EXISTS `service_item`;
CREATE TABLE `service_item`  (
  `id` bigint(0) NOT NULL AUTO_INCREMENT,
  `item_name` varchar(255) CHARACTER SET utf8mb3 COLLATE utf8mb3_general_ci NULL DEFAULT NULL COMMENT '功能名称',
  `english_name` varchar(255) CHARACTER SET utf8mb3 COLLATE utf8mb3_general_ci NULL DEFAULT NULL COMMENT '英文名称',
  `level` int(0) NULL DEFAULT NULL COMMENT '(1为最高级别)',
  `parent_id` bigint(0) NULL DEFAULT NULL COMMENT '上级ID',
  `pic` varchar(255) CHARACTER SET utf8mb3 COLLATE utf8mb3_general_ci NULL DEFAULT NULL COMMENT '模块图片',
  `create_time` datetime(0) NULL DEFAULT NULL COMMENT '创建时间',
  `create_by` varchar(255) CHARACTER SET utf8mb3 COLLATE utf8mb3_general_ci NULL DEFAULT NULL COMMENT '创建人',
  `update_time` datetime(0) NULL DEFAULT NULL COMMENT '更新时间',
  `update_by` varchar(255) CHARACTER SET utf8mb3 COLLATE utf8mb3_general_ci NULL DEFAULT NULL COMMENT '更新人',
  PRIMARY KEY (`id`) USING BTREE
) ENGINE = InnoDB AUTO_INCREMENT = 17 CHARACTER SET = utf8mb3 COLLATE = utf8mb3_general_ci ROW_FORMAT = Dynamic;

-- ----------------------------
-- Records of service_item
-- ----------------------------
INSERT INTO `service_item` VALUES (1, '漏气', 'louqi', 1, NULL, NULL, '2021-11-03 10:01:07', NULL, '2023-09-12 17:35:06', NULL);
INSERT INTO `service_item` VALUES (2, '漏水', 'loushui', 1, NULL, NULL, '2021-11-03 10:01:33', NULL, '2023-09-12 17:35:50', NULL);
INSERT INTO `service_item` VALUES (3, '测试', 'ceshi', 1, NULL, NULL, '2021-11-03 10:01:51', NULL, '2023-09-12 17:36:36', NULL);
INSERT INTO `service_item` VALUES (4, '温度', 'wendu', 1, NULL, NULL, '2021-11-03 10:02:26', NULL, '2021-11-13 09:50:56', NULL);
INSERT INTO `service_item` VALUES (5, '漏气1', NULL, 2, 1, NULL, '2021-11-03 10:02:49', NULL, '2023-09-12 17:35:19', NULL);
INSERT INTO `service_item` VALUES (6, '漏气2', NULL, 2, 1, NULL, '2021-11-03 10:03:19', NULL, '2023-09-12 17:35:26', NULL);
INSERT INTO `service_item` VALUES (7, '漏气3', NULL, 2, 1, NULL, '2021-11-03 10:03:39', NULL, '2023-09-12 17:35:33', NULL);
INSERT INTO `service_item` VALUES (8, 'l漏水1', NULL, 2, 2, NULL, '2021-11-03 10:04:52', NULL, '2023-09-12 17:36:06', NULL);
INSERT INTO `service_item` VALUES (9, '漏水2', NULL, 2, 2, NULL, '2021-11-03 10:05:22', NULL, '2023-09-12 17:36:13', NULL);
INSERT INTO `service_item` VALUES (10, '漏水3', NULL, 2, 2, NULL, '2021-11-03 10:05:50', NULL, '2023-09-12 17:36:20', NULL);

-- ----------------------------
-- Table structure for sys_config
-- ----------------------------
DROP TABLE IF EXISTS `sys_config`;
CREATE TABLE `sys_config`  (
  `config_id` int(0) NOT NULL AUTO_INCREMENT COMMENT '参数主键',
  `config_name` varchar(100) CHARACTER SET utf8mb3 COLLATE utf8mb3_general_ci NULL DEFAULT '' COMMENT '参数名称',
  `config_key` varchar(100) CHARACTER SET utf8mb3 COLLATE utf8mb3_general_ci NULL DEFAULT '' COMMENT '参数键名',
  `config_value` varchar(500) CHARACTER SET utf8mb3 COLLATE utf8mb3_general_ci NULL DEFAULT '' COMMENT '参数键值',
  `config_type` char(1) CHARACTER SET utf8mb3 COLLATE utf8mb3_general_ci NULL DEFAULT 'N' COMMENT '系统内置（Y是 N否）',
  `create_by` varchar(64) CHARACTER SET utf8mb3 COLLATE utf8mb3_general_ci NULL DEFAULT '' COMMENT '创建者',
  `create_time` datetime(0) NULL DEFAULT NULL COMMENT '创建时间',
  `update_by` varchar(64) CHARACTER SET utf8mb3 COLLATE utf8mb3_general_ci NULL DEFAULT '' COMMENT '更新者',
  `update_time` datetime(0) NULL DEFAULT NULL COMMENT '更新时间',
  `remark` varchar(500) CHARACTER SET utf8mb3 COLLATE utf8mb3_general_ci NULL DEFAULT NULL COMMENT '备注',
  PRIMARY KEY (`config_id`) USING BTREE
) ENGINE = InnoDB AUTO_INCREMENT = 101 CHARACTER SET = utf8mb3 COLLATE = utf8mb3_general_ci COMMENT = '参数配置表' ROW_FORMAT = Dynamic;

-- ----------------------------
-- Records of sys_config
-- ----------------------------
INSERT INTO `sys_config` VALUES (1, '主框架页-默认皮肤样式名称', 'sys.index.skinName', 'skin-green', 'Y', 'admin', '2021-10-27 09:16:00', 'admin', '2023-09-12 18:00:45', '蓝色 skin-blue、绿色 skin-green、紫色 skin-purple、红色 skin-red、黄色 skin-yellow');
INSERT INTO `sys_config` VALUES (2, '用户管理-账号初始密码', 'sys.user.initPassword', '123456', 'Y', 'admin', '2021-10-27 09:16:00', '', NULL, '初始化密码 123456');
INSERT INTO `sys_config` VALUES (3, '主框架页-侧边栏主题', 'sys.index.sideTheme', 'theme-dark', 'Y', 'admin', '2021-10-27 09:16:00', '', NULL, '深色主题theme-dark，浅色主题theme-light');
INSERT INTO `sys_config` VALUES (4, '账号自助-验证码开关', 'sys.account.captchaOnOff', 'true', 'Y', 'admin', '2021-10-27 09:16:00', '', NULL, '是否开启验证码功能（true开启，false关闭）');
INSERT INTO `sys_config` VALUES (5, '账号自助-是否开启用户注册功能', 'sys.account.registerUser', 'false', 'Y', 'admin', '2021-10-27 09:16:00', '', NULL, '是否开启注册用户功能（true开启，false关闭）');

-- ----------------------------
-- Table structure for sys_dept
-- ----------------------------
DROP TABLE IF EXISTS `sys_dept`;
CREATE TABLE `sys_dept`  (
  `dept_id` bigint(0) NOT NULL AUTO_INCREMENT COMMENT '部门id',
  `parent_id` bigint(0) NULL DEFAULT 0 COMMENT '父部门id',
  `ancestors` varchar(50) CHARACTER SET utf8mb3 COLLATE utf8mb3_general_ci NULL DEFAULT '' COMMENT '祖级列表',
  `dept_name` varchar(30) CHARACTER SET utf8mb3 COLLATE utf8mb3_general_ci NULL DEFAULT '' COMMENT '部门名称',
  `order_num` int(0) NULL DEFAULT 0 COMMENT '显示顺序',
  `leader` varchar(20) CHARACTER SET utf8mb3 COLLATE utf8mb3_general_ci NULL DEFAULT NULL COMMENT '负责人',
  `phone` varchar(11) CHARACTER SET utf8mb3 COLLATE utf8mb3_general_ci NULL DEFAULT NULL COMMENT '联系电话',
  `email` varchar(50) CHARACTER SET utf8mb3 COLLATE utf8mb3_general_ci NULL DEFAULT NULL COMMENT '邮箱',
  `status` char(1) CHARACTER SET utf8mb3 COLLATE utf8mb3_general_ci NULL DEFAULT '0' COMMENT '部门状态（0正常 1停用）',
  `del_flag` char(1) CHARACTER SET utf8mb3 COLLATE utf8mb3_general_ci NULL DEFAULT '0' COMMENT '删除标志（0代表存在 2代表删除）',
  `create_by` varchar(64) CHARACTER SET utf8mb3 COLLATE utf8mb3_general_ci NULL DEFAULT '' COMMENT '创建者',
  `create_time` datetime(0) NULL DEFAULT NULL COMMENT '创建时间',
  `update_by` varchar(64) CHARACTER SET utf8mb3 COLLATE utf8mb3_general_ci NULL DEFAULT '' COMMENT '更新者',
  `update_time` datetime(0) NULL DEFAULT NULL COMMENT '更新时间',
  PRIMARY KEY (`dept_id`) USING BTREE
) ENGINE = InnoDB AUTO_INCREMENT = 200 CHARACTER SET = utf8mb3 COLLATE = utf8mb3_general_ci COMMENT = '部门表' ROW_FORMAT = Dynamic;

-- ----------------------------
-- Records of sys_dept
-- ----------------------------
INSERT INTO `sys_dept` VALUES (100, 0, '0', '陆巡科技', 0, '陆巡科技', '16888888888', 'lx@qq.com', '0', '0', 'admin', '2021-10-27 09:16:00', '', NULL);
INSERT INTO `sys_dept` VALUES (101, 100, '0,100', '北京总公司', 1, '陆巡科技', '16888888888', 'lx@qq.com', '0', '0', 'admin', '2021-10-27 09:16:00', '', NULL);
INSERT INTO `sys_dept` VALUES (102, 100, '0,100', '上海分公司', 2, '陆巡科技', '16888888888', 'lx@qq.com', '0', '0', 'admin', '2021-10-27 09:16:00', '', NULL);
INSERT INTO `sys_dept` VALUES (103, 101, '0,100,101', '研发部门', 1, '陆巡科技', '16888888888', 'lx@qq.com', '0', '0', 'admin', '2021-10-27 09:16:00', '', NULL);
INSERT INTO `sys_dept` VALUES (104, 101, '0,100,101', '市场部门', 2, '陆巡科技', '16888888888', 'lx@qq.com', '0', '0', 'admin', '2021-10-27 09:16:00', '', NULL);
INSERT INTO `sys_dept` VALUES (105, 101, '0,100,101', '运营部门', 3, '陆巡科技', '16888888888', 'lx@qq.com', '0', '0', 'admin', '2021-10-27 09:16:00', '', NULL);
INSERT INTO `sys_dept` VALUES (106, 101, '0,100,101', '财务部门', 4, '陆巡科技', '16888888888', 'lx@qq.com', '0', '0', 'admin', '2021-10-27 09:16:00', '', NULL);
INSERT INTO `sys_dept` VALUES (107, 101, '0,100,101', '运维部门', 5, '陆巡科技', '16888888888', 'lx@qq.com', '0', '0', 'admin', '2021-10-27 09:16:00', '', NULL);
INSERT INTO `sys_dept` VALUES (108, 102, '0,100,102', '市场部门', 1, '陆巡科技', '16888888888', 'lx@qq.com', '0', '0', 'admin', '2021-10-27 09:16:00', '', NULL);
INSERT INTO `sys_dept` VALUES (109, 102, '0,100,102', '财务部门', 2, '陆巡科技', '16888888888', 'lx@qq.com', '0', '0', 'admin', '2021-10-27 09:16:00', '', NULL);

-- ----------------------------
-- Table structure for sys_dict_data
-- ----------------------------
DROP TABLE IF EXISTS `sys_dict_data`;
CREATE TABLE `sys_dict_data`  (
  `dict_code` bigint(0) NOT NULL AUTO_INCREMENT COMMENT '字典编码',
  `dict_sort` int(0) NULL DEFAULT 0 COMMENT '字典排序',
  `dict_label` varchar(100) CHARACTER SET utf8mb3 COLLATE utf8mb3_general_ci NULL DEFAULT '' COMMENT '字典标签',
  `dict_value` varchar(100) CHARACTER SET utf8mb3 COLLATE utf8mb3_general_ci NULL DEFAULT '' COMMENT '字典键值',
  `dict_type` varchar(100) CHARACTER SET utf8mb3 COLLATE utf8mb3_general_ci NULL DEFAULT '' COMMENT '字典类型',
  `css_class` varchar(100) CHARACTER SET utf8mb3 COLLATE utf8mb3_general_ci NULL DEFAULT NULL COMMENT '样式属性（其他样式扩展）',
  `list_class` varchar(100) CHARACTER SET utf8mb3 COLLATE utf8mb3_general_ci NULL DEFAULT NULL COMMENT '表格回显样式',
  `is_default` char(1) CHARACTER SET utf8mb3 COLLATE utf8mb3_general_ci NULL DEFAULT 'N' COMMENT '是否默认（Y是 N否）',
  `status` char(1) CHARACTER SET utf8mb3 COLLATE utf8mb3_general_ci NULL DEFAULT '0' COMMENT '状态（0正常 1停用）',
  `create_by` varchar(64) CHARACTER SET utf8mb3 COLLATE utf8mb3_general_ci NULL DEFAULT '' COMMENT '创建者',
  `create_time` datetime(0) NULL DEFAULT NULL COMMENT '创建时间',
  `update_by` varchar(64) CHARACTER SET utf8mb3 COLLATE utf8mb3_general_ci NULL DEFAULT '' COMMENT '更新者',
  `update_time` datetime(0) NULL DEFAULT NULL COMMENT '更新时间',
  `remark` varchar(500) CHARACTER SET utf8mb3 COLLATE utf8mb3_general_ci NULL DEFAULT NULL COMMENT '备注',
  PRIMARY KEY (`dict_code`) USING BTREE
) ENGINE = InnoDB AUTO_INCREMENT = 122 CHARACTER SET = utf8mb3 COLLATE = utf8mb3_general_ci COMMENT = '字典数据表' ROW_FORMAT = Dynamic;

-- ----------------------------
-- Records of sys_dict_data
-- ----------------------------
INSERT INTO `sys_dict_data` VALUES (1, 1, '男', '0', 'sys_user_sex', '', '', 'Y', '0', 'admin', '2021-10-27 09:16:00', '', NULL, '性别男');
INSERT INTO `sys_dict_data` VALUES (2, 2, '女', '1', 'sys_user_sex', '', '', 'N', '0', 'admin', '2021-10-27 09:16:00', '', NULL, '性别女');
INSERT INTO `sys_dict_data` VALUES (3, 3, '未知', '2', 'sys_user_sex', '', '', 'N', '0', 'admin', '2021-10-27 09:16:00', '', NULL, '性别未知');
INSERT INTO `sys_dict_data` VALUES (4, 1, '显示', '0', 'sys_show_hide', '', 'primary', 'Y', '0', 'admin', '2021-10-27 09:16:00', '', NULL, '显示菜单');
INSERT INTO `sys_dict_data` VALUES (5, 2, '隐藏', '1', 'sys_show_hide', '', 'danger', 'N', '0', 'admin', '2021-10-27 09:16:00', '', NULL, '隐藏菜单');
INSERT INTO `sys_dict_data` VALUES (6, 1, '正常', '0', 'sys_normal_disable', '', 'primary', 'Y', '0', 'admin', '2021-10-27 09:16:00', '', NULL, '正常状态');
INSERT INTO `sys_dict_data` VALUES (7, 2, '停用', '1', 'sys_normal_disable', '', 'danger', 'N', '0', 'admin', '2021-10-27 09:16:00', '', NULL, '停用状态');
INSERT INTO `sys_dict_data` VALUES (8, 1, '正常', '0', 'sys_job_status', '', 'primary', 'Y', '0', 'admin', '2021-10-27 09:16:00', '', NULL, '正常状态');
INSERT INTO `sys_dict_data` VALUES (9, 2, '暂停', '1', 'sys_job_status', '', 'danger', 'N', '0', 'admin', '2021-10-27 09:16:00', '', NULL, '停用状态');
INSERT INTO `sys_dict_data` VALUES (10, 1, '默认', 'DEFAULT', 'sys_job_group', '', '', 'Y', '0', 'admin', '2021-10-27 09:16:00', '', NULL, '默认分组');
INSERT INTO `sys_dict_data` VALUES (11, 2, '系统', 'SYSTEM', 'sys_job_group', '', '', 'N', '0', 'admin', '2021-10-27 09:16:00', '', NULL, '系统分组');
INSERT INTO `sys_dict_data` VALUES (12, 1, '是', 'Y', 'sys_yes_no', '', 'primary', 'Y', '0', 'admin', '2021-10-27 09:16:00', '', NULL, '系统默认是');
INSERT INTO `sys_dict_data` VALUES (13, 2, '否', 'N', 'sys_yes_no', '', 'danger', 'N', '0', 'admin', '2021-10-27 09:16:00', '', NULL, '系统默认否');
INSERT INTO `sys_dict_data` VALUES (14, 1, '通知', '1', 'sys_notice_type', '', 'warning', 'Y', '0', 'admin', '2021-10-27 09:16:00', '', NULL, '通知');
INSERT INTO `sys_dict_data` VALUES (15, 2, '公告', '2', 'sys_notice_type', '', 'success', 'N', '0', 'admin', '2021-10-27 09:16:00', '', NULL, '公告');
INSERT INTO `sys_dict_data` VALUES (16, 1, '正常', '0', 'sys_notice_status', '', 'primary', 'Y', '0', 'admin', '2021-10-27 09:16:00', '', NULL, '正常状态');
INSERT INTO `sys_dict_data` VALUES (17, 2, '关闭', '1', 'sys_notice_status', '', 'danger', 'N', '0', 'admin', '2021-10-27 09:16:00', '', NULL, '关闭状态');
INSERT INTO `sys_dict_data` VALUES (18, 1, '新增', '1', 'sys_oper_type', '', 'info', 'N', '0', 'admin', '2021-10-27 09:16:00', '', NULL, '新增操作');
INSERT INTO `sys_dict_data` VALUES (19, 2, '修改', '2', 'sys_oper_type', '', 'info', 'N', '0', 'admin', '2021-10-27 09:16:00', '', NULL, '修改操作');
INSERT INTO `sys_dict_data` VALUES (20, 3, '删除', '3', 'sys_oper_type', '', 'danger', 'N', '0', 'admin', '2021-10-27 09:16:00', '', NULL, '删除操作');
INSERT INTO `sys_dict_data` VALUES (21, 4, '授权', '4', 'sys_oper_type', '', 'primary', 'N', '0', 'admin', '2021-10-27 09:16:00', '', NULL, '授权操作');
INSERT INTO `sys_dict_data` VALUES (22, 5, '导出', '5', 'sys_oper_type', '', 'warning', 'N', '0', 'admin', '2021-10-27 09:16:00', '', NULL, '导出操作');
INSERT INTO `sys_dict_data` VALUES (23, 6, '导入', '6', 'sys_oper_type', '', 'warning', 'N', '0', 'admin', '2021-10-27 09:16:00', '', NULL, '导入操作');
INSERT INTO `sys_dict_data` VALUES (24, 7, '强退', '7', 'sys_oper_type', '', 'danger', 'N', '0', 'admin', '2021-10-27 09:16:00', '', NULL, '强退操作');
INSERT INTO `sys_dict_data` VALUES (25, 8, '生成代码', '8', 'sys_oper_type', '', 'warning', 'N', '0', 'admin', '2021-10-27 09:16:00', '', NULL, '生成操作');
INSERT INTO `sys_dict_data` VALUES (26, 9, '清空数据', '9', 'sys_oper_type', '', 'danger', 'N', '0', 'admin', '2021-10-27 09:16:00', '', NULL, '清空操作');
INSERT INTO `sys_dict_data` VALUES (27, 1, '成功', '0', 'sys_common_status', '', 'primary', 'N', '0', 'admin', '2021-10-27 09:16:00', '', NULL, '正常状态');
INSERT INTO `sys_dict_data` VALUES (28, 2, '失败', '1', 'sys_common_status', '', 'danger', 'N', '0', 'admin', '2021-10-27 09:16:00', '', NULL, '停用状态');
INSERT INTO `sys_dict_data` VALUES (108, 1, '住宅', '0', 'base_build_type', NULL, 'default', 'N', '0', 'admin', '2022-10-29 17:41:15', '', NULL, NULL);
INSERT INTO `sys_dict_data` VALUES (109, 2, '学校、办公', '1', 'base_build_type', NULL, 'default', 'N', '0', 'admin', '2022-10-29 17:41:28', 'admin', '2022-11-14 10:35:15', NULL);
INSERT INTO `sys_dict_data` VALUES (110, 3, '医院、托幼', '2', 'base_build_type', NULL, 'default', 'N', '0', 'admin', '2022-10-29 17:41:44', 'admin', '2022-11-14 10:35:24', NULL);
INSERT INTO `sys_dict_data` VALUES (111, 3, '旅馆', '3', 'base_build_type', NULL, 'default', 'N', '0', 'admin', '2022-10-29 17:42:03', 'admin', '2022-11-14 10:35:37', NULL);
INSERT INTO `sys_dict_data` VALUES (112, 5, '商场', '4', 'base_build_type', NULL, 'default', 'N', '0', 'admin', '2022-10-29 17:42:16', 'admin', '2022-11-14 10:36:01', NULL);
INSERT INTO `sys_dict_data` VALUES (113, 6, '其他公共建筑', '5', 'base_build_type', NULL, 'default', 'N', '0', 'admin', '2022-10-29 17:42:31', 'admin', '2022-11-14 10:36:09', NULL);
INSERT INTO `sys_dict_data` VALUES (117, 0, '操作指南', '1', 'project_video_type', NULL, 'default', 'N', '0', 'admin', '2023-04-21 12:56:25', '', NULL, NULL);

-- ----------------------------
-- Table structure for sys_dict_type
-- ----------------------------
DROP TABLE IF EXISTS `sys_dict_type`;
CREATE TABLE `sys_dict_type`  (
  `dict_id` bigint(0) NOT NULL AUTO_INCREMENT COMMENT '字典主键',
  `dict_name` varchar(100) CHARACTER SET utf8mb3 COLLATE utf8mb3_general_ci NULL DEFAULT '' COMMENT '字典名称',
  `dict_type` varchar(100) CHARACTER SET utf8mb3 COLLATE utf8mb3_general_ci NULL DEFAULT '' COMMENT '字典类型',
  `status` char(1) CHARACTER SET utf8mb3 COLLATE utf8mb3_general_ci NULL DEFAULT '0' COMMENT '状态（0正常 1停用）',
  `create_by` varchar(64) CHARACTER SET utf8mb3 COLLATE utf8mb3_general_ci NULL DEFAULT '' COMMENT '创建者',
  `create_time` datetime(0) NULL DEFAULT NULL COMMENT '创建时间',
  `update_by` varchar(64) CHARACTER SET utf8mb3 COLLATE utf8mb3_general_ci NULL DEFAULT '' COMMENT '更新者',
  `update_time` datetime(0) NULL DEFAULT NULL COMMENT '更新时间',
  `remark` varchar(500) CHARACTER SET utf8mb3 COLLATE utf8mb3_general_ci NULL DEFAULT NULL COMMENT '备注',
  PRIMARY KEY (`dict_id`) USING BTREE,
  UNIQUE INDEX `dict_type`(`dict_type`) USING BTREE
) ENGINE = InnoDB AUTO_INCREMENT = 105 CHARACTER SET = utf8mb3 COLLATE = utf8mb3_general_ci COMMENT = '字典类型表' ROW_FORMAT = Dynamic;

-- ----------------------------
-- Records of sys_dict_type
-- ----------------------------
INSERT INTO `sys_dict_type` VALUES (1, '用户性别', 'sys_user_sex', '0', 'admin', '2021-10-27 09:16:00', '', NULL, '用户性别列表');
INSERT INTO `sys_dict_type` VALUES (2, '菜单状态', 'sys_show_hide', '0', 'admin', '2021-10-27 09:16:00', '', NULL, '菜单状态列表');
INSERT INTO `sys_dict_type` VALUES (3, '系统开关', 'sys_normal_disable', '0', 'admin', '2021-10-27 09:16:00', '', NULL, '系统开关列表');
INSERT INTO `sys_dict_type` VALUES (4, '任务状态', 'sys_job_status', '0', 'admin', '2021-10-27 09:16:00', '', NULL, '任务状态列表');
INSERT INTO `sys_dict_type` VALUES (5, '任务分组', 'sys_job_group', '0', 'admin', '2021-10-27 09:16:00', '', NULL, '任务分组列表');
INSERT INTO `sys_dict_type` VALUES (6, '系统是否', 'sys_yes_no', '0', 'admin', '2021-10-27 09:16:00', '', NULL, '系统是否列表');
INSERT INTO `sys_dict_type` VALUES (7, '通知类型', 'sys_notice_type', '0', 'admin', '2021-10-27 09:16:00', '', NULL, '通知类型列表');
INSERT INTO `sys_dict_type` VALUES (8, '通知状态', 'sys_notice_status', '0', 'admin', '2021-10-27 09:16:00', '', NULL, '通知状态列表');
INSERT INTO `sys_dict_type` VALUES (9, '操作类型', 'sys_oper_type', '0', 'admin', '2021-10-27 09:16:00', '', NULL, '操作类型列表');
INSERT INTO `sys_dict_type` VALUES (10, '系统状态', 'sys_common_status', '0', 'admin', '2021-10-27 09:16:00', '', NULL, '登录状态列表');
INSERT INTO `sys_dict_type` VALUES (100, '问题类型', 'problem_category', '0', 'ry', '2021-11-04 11:48:05', '', NULL, NULL);
INSERT INTO `sys_dict_type` VALUES (101, '产品类型', 'base_product_type', '0', 'admin', '2022-10-29 09:24:04', '', NULL, NULL);
INSERT INTO `sys_dict_type` VALUES (102, '建筑物类型', 'base_build_type', '0', 'admin', '2022-10-29 17:40:54', '', NULL, NULL);
INSERT INTO `sys_dict_type` VALUES (103, '项目视频分类', 'project_video_type', '0', 'admin', '2023-04-21 12:55:12', '', NULL, NULL);
INSERT INTO `sys_dict_type` VALUES (104, '项目视频标签', 'project_video_label', '0', 'admin', '2023-04-21 12:55:46', '', NULL, NULL);

-- ----------------------------
-- Table structure for sys_job
-- ----------------------------
DROP TABLE IF EXISTS `sys_job`;
CREATE TABLE `sys_job`  (
  `job_id` bigint(0) NOT NULL AUTO_INCREMENT COMMENT '任务ID',
  `job_name` varchar(64) CHARACTER SET utf8mb3 COLLATE utf8mb3_general_ci NOT NULL DEFAULT '' COMMENT '任务名称',
  `job_group` varchar(64) CHARACTER SET utf8mb3 COLLATE utf8mb3_general_ci NOT NULL DEFAULT 'DEFAULT' COMMENT '任务组名',
  `invoke_target` varchar(500) CHARACTER SET utf8mb3 COLLATE utf8mb3_general_ci NOT NULL COMMENT '调用目标字符串',
  `cron_expression` varchar(255) CHARACTER SET utf8mb3 COLLATE utf8mb3_general_ci NULL DEFAULT '' COMMENT 'cron执行表达式',
  `misfire_policy` varchar(20) CHARACTER SET utf8mb3 COLLATE utf8mb3_general_ci NULL DEFAULT '3' COMMENT '计划执行错误策略（1立即执行 2执行一次 3放弃执行）',
  `concurrent` char(1) CHARACTER SET utf8mb3 COLLATE utf8mb3_general_ci NULL DEFAULT '1' COMMENT '是否并发执行（0允许 1禁止）',
  `status` char(1) CHARACTER SET utf8mb3 COLLATE utf8mb3_general_ci NULL DEFAULT '0' COMMENT '状态（0正常 1暂停）',
  `create_by` varchar(64) CHARACTER SET utf8mb3 COLLATE utf8mb3_general_ci NULL DEFAULT '' COMMENT '创建者',
  `create_time` datetime(0) NULL DEFAULT NULL COMMENT '创建时间',
  `update_by` varchar(64) CHARACTER SET utf8mb3 COLLATE utf8mb3_general_ci NULL DEFAULT '' COMMENT '更新者',
  `update_time` datetime(0) NULL DEFAULT NULL COMMENT '更新时间',
  `remark` varchar(500) CHARACTER SET utf8mb3 COLLATE utf8mb3_general_ci NULL DEFAULT '' COMMENT '备注信息',
  PRIMARY KEY (`job_id`, `job_name`, `job_group`) USING BTREE
) ENGINE = InnoDB AUTO_INCREMENT = 100 CHARACTER SET = utf8mb3 COLLATE = utf8mb3_general_ci COMMENT = '定时任务调度表' ROW_FORMAT = Dynamic;

-- ----------------------------
-- Records of sys_job
-- ----------------------------
INSERT INTO `sys_job` VALUES (1, '系统默认（无参）', 'DEFAULT', 'ryTask.ryNoParams', '0/10 * * * * ?', '3', '1', '1', 'admin', '2021-10-27 09:16:00', '', NULL, '');
INSERT INTO `sys_job` VALUES (2, '系统默认（有参）', 'DEFAULT', 'ryTask.ryParams(\'ry\')', '0/15 * * * * ?', '3', '1', '1', 'admin', '2021-10-27 09:16:00', '', NULL, '');
INSERT INTO `sys_job` VALUES (3, '系统默认（多参）', 'DEFAULT', 'ryTask.ryMultipleParams(\'ry\', true, 2000L, 316.50D, 100)', '0/20 * * * * ?', '3', '1', '1', 'admin', '2021-10-27 09:16:00', '', NULL, '');

-- ----------------------------
-- Table structure for sys_job_log
-- ----------------------------
DROP TABLE IF EXISTS `sys_job_log`;
CREATE TABLE `sys_job_log`  (
  `job_log_id` bigint(0) NOT NULL AUTO_INCREMENT COMMENT '任务日志ID',
  `job_name` varchar(64) CHARACTER SET utf8mb3 COLLATE utf8mb3_general_ci NOT NULL COMMENT '任务名称',
  `job_group` varchar(64) CHARACTER SET utf8mb3 COLLATE utf8mb3_general_ci NOT NULL COMMENT '任务组名',
  `invoke_target` varchar(500) CHARACTER SET utf8mb3 COLLATE utf8mb3_general_ci NOT NULL COMMENT '调用目标字符串',
  `job_message` varchar(500) CHARACTER SET utf8mb3 COLLATE utf8mb3_general_ci NULL DEFAULT NULL COMMENT '日志信息',
  `status` char(1) CHARACTER SET utf8mb3 COLLATE utf8mb3_general_ci NULL DEFAULT '0' COMMENT '执行状态（0正常 1失败）',
  `exception_info` varchar(2000) CHARACTER SET utf8mb3 COLLATE utf8mb3_general_ci NULL DEFAULT '' COMMENT '异常信息',
  `create_time` datetime(0) NULL DEFAULT NULL COMMENT '创建时间',
  PRIMARY KEY (`job_log_id`) USING BTREE
) ENGINE = InnoDB AUTO_INCREMENT = 1 CHARACTER SET = utf8mb3 COLLATE = utf8mb3_general_ci COMMENT = '定时任务调度日志表' ROW_FORMAT = Dynamic;

-- ----------------------------
-- Records of sys_job_log
-- ----------------------------
INSERT INTO `sys_job_log` VALUES (1, '系统默认（多参）', 'DEFAULT', 'ryTask.ryMultipleParams(\'ry\', true, 2000L, 316.50D, 100)', '系统默认（多参） 总共耗时：1毫秒', '0', '', '2023-04-18 10:41:40');

-- ----------------------------
-- Table structure for sys_logininfor
-- ----------------------------
DROP TABLE IF EXISTS `sys_logininfor`;
CREATE TABLE `sys_logininfor`  (
  `info_id` bigint(0) NOT NULL AUTO_INCREMENT COMMENT '访问ID',
  `user_name` varchar(50) CHARACTER SET utf8mb3 COLLATE utf8mb3_general_ci NULL DEFAULT '' COMMENT '用户账号',
  `ipaddr` varchar(128) CHARACTER SET utf8mb3 COLLATE utf8mb3_general_ci NULL DEFAULT '' COMMENT '登录IP地址',
  `login_location` varchar(255) CHARACTER SET utf8mb3 COLLATE utf8mb3_general_ci NULL DEFAULT '' COMMENT '登录地点',
  `browser` varchar(50) CHARACTER SET utf8mb3 COLLATE utf8mb3_general_ci NULL DEFAULT '' COMMENT '浏览器类型',
  `os` varchar(50) CHARACTER SET utf8mb3 COLLATE utf8mb3_general_ci NULL DEFAULT '' COMMENT '操作系统',
  `status` char(1) CHARACTER SET utf8mb3 COLLATE utf8mb3_general_ci NULL DEFAULT '0' COMMENT '登录状态（0成功 1失败）',
  `msg` varchar(4000) CHARACTER SET utf8mb3 COLLATE utf8mb3_general_ci NULL DEFAULT '' COMMENT '提示消息',
  `login_time` datetime(0) NULL DEFAULT NULL COMMENT '访问时间',
  PRIMARY KEY (`info_id`) USING BTREE
) ENGINE = InnoDB AUTO_INCREMENT = 7465 CHARACTER SET = utf8mb3 COLLATE = utf8mb3_general_ci COMMENT = '系统访问记录' ROW_FORMAT = Dynamic;

-- ----------------------------
-- Records of sys_logininfor
-- ----------------------------


-- ----------------------------
-- Table structure for sys_menu
-- ----------------------------
DROP TABLE IF EXISTS `sys_menu`;
CREATE TABLE `sys_menu`  (
  `menu_id` bigint(0) NOT NULL AUTO_INCREMENT COMMENT '菜单ID',
  `menu_name` varchar(50) CHARACTER SET utf8mb3 COLLATE utf8mb3_general_ci NOT NULL COMMENT '菜单名称',
  `parent_id` bigint(0) NULL DEFAULT 0 COMMENT '父菜单ID',
  `order_num` int(0) NULL DEFAULT 0 COMMENT '显示顺序',
  `path` varchar(200) CHARACTER SET utf8mb3 COLLATE utf8mb3_general_ci NULL DEFAULT '' COMMENT '路由地址',
  `component` varchar(255) CHARACTER SET utf8mb3 COLLATE utf8mb3_general_ci NULL DEFAULT NULL COMMENT '组件路径',
  `is_frame` int(0) NULL DEFAULT 1 COMMENT '是否为外链（0是 1否）',
  `is_cache` int(0) NULL DEFAULT 0 COMMENT '是否缓存（0缓存 1不缓存）',
  `menu_type` char(1) CHARACTER SET utf8mb3 COLLATE utf8mb3_general_ci NULL DEFAULT '' COMMENT '菜单类型（M目录 C菜单 F按钮）',
  `visible` char(1) CHARACTER SET utf8mb3 COLLATE utf8mb3_general_ci NULL DEFAULT '0' COMMENT '菜单状态（0显示 1隐藏）',
  `status` char(1) CHARACTER SET utf8mb3 COLLATE utf8mb3_general_ci NULL DEFAULT '0' COMMENT '菜单状态（0正常 1停用）',
  `perms` varchar(100) CHARACTER SET utf8mb3 COLLATE utf8mb3_general_ci NULL DEFAULT NULL COMMENT '权限标识',
  `icon` varchar(100) CHARACTER SET utf8mb3 COLLATE utf8mb3_general_ci NULL DEFAULT '#' COMMENT '菜单图标',
  `create_by` varchar(64) CHARACTER SET utf8mb3 COLLATE utf8mb3_general_ci NULL DEFAULT '' COMMENT '创建者',
  `create_time` datetime(0) NULL DEFAULT NULL COMMENT '创建时间',
  `update_by` varchar(64) CHARACTER SET utf8mb3 COLLATE utf8mb3_general_ci NULL DEFAULT '' COMMENT '更新者',
  `update_time` datetime(0) NULL DEFAULT NULL COMMENT '更新时间',
  `remark` varchar(500) CHARACTER SET utf8mb3 COLLATE utf8mb3_general_ci NULL DEFAULT '' COMMENT '备注',
  PRIMARY KEY (`menu_id`) USING BTREE
) ENGINE = InnoDB AUTO_INCREMENT = 2080 CHARACTER SET = utf8mb3 COLLATE = utf8mb3_general_ci COMMENT = '菜单权限表' ROW_FORMAT = Dynamic;

-- ----------------------------
-- Records of sys_menu
-- ----------------------------
INSERT INTO `sys_menu` VALUES (1, '系统管理', 0, 9, 'system', NULL, 1, 0, 'M', '0', '0', '', 'system', 'admin', '2021-10-27 09:16:00', 'admin', '2021-11-11 10:18:04', '系统管理目录');
INSERT INTO `sys_menu` VALUES (2, '系统监控', 0, 7, 'monitor', NULL, 1, 0, 'M', '1', '0', '', 'monitor', 'admin', '2021-10-27 09:16:00', 'admin', '2023-06-07 16:58:50', '系统监控目录');
INSERT INTO `sys_menu` VALUES (3, '系统工具', 0, 8, 'tool', NULL, 1, 0, 'M', '0', '0', '', 'tool', 'admin', '2021-10-27 09:16:00', 'admin', '2023-06-07 16:58:54', '系统工具目录');
INSERT INTO `sys_menu` VALUES (100, '用户管理', 1, 1, 'user', 'system/user/index', 1, 0, 'C', '0', '0', 'system:user:list', 'user', 'admin', '2021-10-27 09:16:00', '', NULL, '用户管理菜单');
INSERT INTO `sys_menu` VALUES (101, '角色管理', 1, 2, 'role', 'system/role/index', 1, 0, 'C', '0', '0', 'system:role:list', 'peoples', 'admin', '2021-10-27 09:16:00', '', NULL, '角色管理菜单');
INSERT INTO `sys_menu` VALUES (102, '菜单管理', 1, 3, 'menu', 'system/menu/index', 1, 0, 'C', '0', '0', 'system:menu:list', 'tree-table', 'admin', '2021-10-27 09:16:00', '', NULL, '菜单管理菜单');
INSERT INTO `sys_menu` VALUES (103, '部门管理', 1, 4, 'dept', 'system/dept/index', 1, 0, 'C', '0', '0', 'system:dept:list', 'tree', 'admin', '2021-10-27 09:16:00', '', NULL, '部门管理菜单');
INSERT INTO `sys_menu` VALUES (104, '岗位管理', 1, 5, 'post', 'system/post/index', 1, 0, 'C', '0', '0', 'system:post:list', 'post', 'admin', '2021-10-27 09:16:00', '', NULL, '岗位管理菜单');
INSERT INTO `sys_menu` VALUES (105, '字典管理', 1, 6, 'dict', 'system/dict/index', 1, 0, 'C', '0', '0', 'system:dict:list', 'dict', 'admin', '2021-10-27 09:16:00', '', NULL, '字典管理菜单');
INSERT INTO `sys_menu` VALUES (106, '参数设置', 1, 7, 'config', 'system/config/index', 1, 0, 'C', '0', '0', 'system:config:list', 'edit', 'admin', '2021-10-27 09:16:00', '', NULL, '参数设置菜单');
INSERT INTO `sys_menu` VALUES (107, '通知公告', 1, 8, 'notice', 'system/notice/index', 1, 0, 'C', '0', '0', 'system:notice:list', 'message', 'admin', '2021-10-27 09:16:00', '', NULL, '通知公告菜单');
INSERT INTO `sys_menu` VALUES (108, '日志管理', 1, 9, 'log', '', 1, 0, 'M', '0', '0', '', 'log', 'admin', '2021-10-27 09:16:00', '', NULL, '日志管理菜单');
INSERT INTO `sys_menu` VALUES (109, '在线用户', 2, 1, 'online', 'monitor/online/index', 1, 0, 'C', '0', '0', 'monitor:online:list', 'online', 'admin', '2021-10-27 09:16:00', '', NULL, '在线用户菜单');
INSERT INTO `sys_menu` VALUES (110, '定时任务', 2, 2, 'job', 'monitor/job/index', 1, 0, 'C', '0', '0', 'monitor:job:list', 'job', 'admin', '2021-10-27 09:16:00', '', NULL, '定时任务菜单');
INSERT INTO `sys_menu` VALUES (111, '数据监控', 2, 3, 'druid', 'monitor/druid/index', 1, 0, 'C', '0', '0', 'monitor:druid:list', 'druid', 'admin', '2021-10-27 09:16:00', '', NULL, '数据监控菜单');
INSERT INTO `sys_menu` VALUES (112, '服务监控', 2, 4, 'server', 'monitor/server/index', 1, 0, 'C', '0', '0', 'monitor:server:list', 'server', 'admin', '2021-10-27 09:16:00', '', NULL, '服务监控菜单');
INSERT INTO `sys_menu` VALUES (113, '缓存监控', 2, 5, 'cache', 'monitor/cache/index', 1, 0, 'C', '0', '0', 'monitor:cache:list', 'redis', 'admin', '2021-10-27 09:16:00', '', NULL, '缓存监控菜单');
INSERT INTO `sys_menu` VALUES (114, '表单构建', 3, 1, 'build', 'tool/build/index', 1, 0, 'C', '0', '0', 'tool:build:list', 'build', 'admin', '2021-10-27 09:16:00', '', NULL, '表单构建菜单');
INSERT INTO `sys_menu` VALUES (115, '代码生成', 3, 2, 'gen', 'tool/gen/index', 1, 0, 'C', '0', '0', 'tool:gen:list', 'code', 'admin', '2021-10-27 09:16:00', '', NULL, '代码生成菜单');
INSERT INTO `sys_menu` VALUES (116, '系统接口', 3, 3, 'swagger', 'tool/swagger/index', 1, 0, 'C', '0', '0', 'tool:swagger:list', 'swagger', 'admin', '2021-10-27 09:16:00', '', NULL, '系统接口菜单');
INSERT INTO `sys_menu` VALUES (500, '操作日志', 108, 1, 'operlog', 'monitor/operlog/index', 1, 0, 'C', '0', '0', 'monitor:operlog:list', 'form', 'admin', '2021-10-27 09:16:00', '', NULL, '操作日志菜单');
INSERT INTO `sys_menu` VALUES (501, '登录日志', 108, 2, 'logininfor', 'monitor/logininfor/index', 1, 0, 'C', '0', '0', 'monitor:logininfor:list', 'logininfor', 'admin', '2021-10-27 09:16:00', '', NULL, '登录日志菜单');
INSERT INTO `sys_menu` VALUES (1001, '用户查询', 100, 1, '', '', 1, 0, 'F', '0', '0', 'system:user:query', '#', 'admin', '2021-10-27 09:16:00', '', NULL, '');
INSERT INTO `sys_menu` VALUES (1002, '用户新增', 100, 2, '', '', 1, 0, 'F', '0', '0', 'system:user:add', '#', 'admin', '2021-10-27 09:16:00', '', NULL, '');
INSERT INTO `sys_menu` VALUES (1003, '用户修改', 100, 3, '', '', 1, 0, 'F', '0', '0', 'system:user:edit', '#', 'admin', '2021-10-27 09:16:00', '', NULL, '');
INSERT INTO `sys_menu` VALUES (1004, '用户删除', 100, 4, '', '', 1, 0, 'F', '0', '0', 'system:user:remove', '#', 'admin', '2021-10-27 09:16:00', '', NULL, '');
INSERT INTO `sys_menu` VALUES (1005, '用户导出', 100, 5, '', '', 1, 0, 'F', '0', '0', 'system:user:export', '#', 'admin', '2021-10-27 09:16:00', '', NULL, '');
INSERT INTO `sys_menu` VALUES (1006, '用户导入', 100, 6, '', '', 1, 0, 'F', '0', '0', 'system:user:import', '#', 'admin', '2021-10-27 09:16:00', '', NULL, '');
INSERT INTO `sys_menu` VALUES (1007, '重置密码', 100, 7, '', '', 1, 0, 'F', '0', '0', 'system:user:resetPwd', '#', 'admin', '2021-10-27 09:16:00', '', NULL, '');
INSERT INTO `sys_menu` VALUES (1008, '角色查询', 101, 1, '', '', 1, 0, 'F', '0', '0', 'system:role:query', '#', 'admin', '2021-10-27 09:16:00', '', NULL, '');
INSERT INTO `sys_menu` VALUES (1009, '角色新增', 101, 2, '', '', 1, 0, 'F', '0', '0', 'system:role:add', '#', 'admin', '2021-10-27 09:16:00', '', NULL, '');
INSERT INTO `sys_menu` VALUES (1010, '角色修改', 101, 3, '', '', 1, 0, 'F', '0', '0', 'system:role:edit', '#', 'admin', '2021-10-27 09:16:00', '', NULL, '');
INSERT INTO `sys_menu` VALUES (1011, '角色删除', 101, 4, '', '', 1, 0, 'F', '0', '0', 'system:role:remove', '#', 'admin', '2021-10-27 09:16:00', '', NULL, '');
INSERT INTO `sys_menu` VALUES (1012, '角色导出', 101, 5, '', '', 1, 0, 'F', '0', '0', 'system:role:export', '#', 'admin', '2021-10-27 09:16:00', '', NULL, '');
INSERT INTO `sys_menu` VALUES (1013, '菜单查询', 102, 1, '', '', 1, 0, 'F', '0', '0', 'system:menu:query', '#', 'admin', '2021-10-27 09:16:00', '', NULL, '');
INSERT INTO `sys_menu` VALUES (1014, '菜单新增', 102, 2, '', '', 1, 0, 'F', '0', '0', 'system:menu:add', '#', 'admin', '2021-10-27 09:16:00', '', NULL, '');
INSERT INTO `sys_menu` VALUES (1015, '菜单修改', 102, 3, '', '', 1, 0, 'F', '0', '0', 'system:menu:edit', '#', 'admin', '2021-10-27 09:16:00', '', NULL, '');
INSERT INTO `sys_menu` VALUES (1016, '菜单删除', 102, 4, '', '', 1, 0, 'F', '0', '0', 'system:menu:remove', '#', 'admin', '2021-10-27 09:16:00', '', NULL, '');
INSERT INTO `sys_menu` VALUES (1017, '部门查询', 103, 1, '', '', 1, 0, 'F', '0', '0', 'system:dept:query', '#', 'admin', '2021-10-27 09:16:00', '', NULL, '');
INSERT INTO `sys_menu` VALUES (1018, '部门新增', 103, 2, '', '', 1, 0, 'F', '0', '0', 'system:dept:add', '#', 'admin', '2021-10-27 09:16:00', '', NULL, '');
INSERT INTO `sys_menu` VALUES (1019, '部门修改', 103, 3, '', '', 1, 0, 'F', '0', '0', 'system:dept:edit', '#', 'admin', '2021-10-27 09:16:00', '', NULL, '');
INSERT INTO `sys_menu` VALUES (1020, '部门删除', 103, 4, '', '', 1, 0, 'F', '0', '0', 'system:dept:remove', '#', 'admin', '2021-10-27 09:16:00', '', NULL, '');
INSERT INTO `sys_menu` VALUES (1021, '岗位查询', 104, 1, '', '', 1, 0, 'F', '0', '0', 'system:post:query', '#', 'admin', '2021-10-27 09:16:00', '', NULL, '');
INSERT INTO `sys_menu` VALUES (1022, '岗位新增', 104, 2, '', '', 1, 0, 'F', '0', '0', 'system:post:add', '#', 'admin', '2021-10-27 09:16:00', '', NULL, '');
INSERT INTO `sys_menu` VALUES (1023, '岗位修改', 104, 3, '', '', 1, 0, 'F', '0', '0', 'system:post:edit', '#', 'admin', '2021-10-27 09:16:00', '', NULL, '');
INSERT INTO `sys_menu` VALUES (1024, '岗位删除', 104, 4, '', '', 1, 0, 'F', '0', '0', 'system:post:remove', '#', 'admin', '2021-10-27 09:16:00', '', NULL, '');
INSERT INTO `sys_menu` VALUES (1025, '岗位导出', 104, 5, '', '', 1, 0, 'F', '0', '0', 'system:post:export', '#', 'admin', '2021-10-27 09:16:00', '', NULL, '');
INSERT INTO `sys_menu` VALUES (1026, '字典查询', 105, 1, '#', '', 1, 0, 'F', '0', '0', 'system:dict:query', '#', 'admin', '2021-10-27 09:16:00', '', NULL, '');
INSERT INTO `sys_menu` VALUES (1027, '字典新增', 105, 2, '#', '', 1, 0, 'F', '0', '0', 'system:dict:add', '#', 'admin', '2021-10-27 09:16:00', '', NULL, '');
INSERT INTO `sys_menu` VALUES (1028, '字典修改', 105, 3, '#', '', 1, 0, 'F', '0', '0', 'system:dict:edit', '#', 'admin', '2021-10-27 09:16:00', '', NULL, '');
INSERT INTO `sys_menu` VALUES (1029, '字典删除', 105, 4, '#', '', 1, 0, 'F', '0', '0', 'system:dict:remove', '#', 'admin', '2021-10-27 09:16:00', '', NULL, '');
INSERT INTO `sys_menu` VALUES (1030, '字典导出', 105, 5, '#', '', 1, 0, 'F', '0', '0', 'system:dict:export', '#', 'admin', '2021-10-27 09:16:00', '', NULL, '');
INSERT INTO `sys_menu` VALUES (1031, '参数查询', 106, 1, '#', '', 1, 0, 'F', '0', '0', 'system:config:query', '#', 'admin', '2021-10-27 09:16:00', '', NULL, '');
INSERT INTO `sys_menu` VALUES (1032, '参数新增', 106, 2, '#', '', 1, 0, 'F', '0', '0', 'system:config:add', '#', 'admin', '2021-10-27 09:16:00', '', NULL, '');
INSERT INTO `sys_menu` VALUES (1033, '参数修改', 106, 3, '#', '', 1, 0, 'F', '0', '0', 'system:config:edit', '#', 'admin', '2021-10-27 09:16:00', '', NULL, '');
INSERT INTO `sys_menu` VALUES (1034, '参数删除', 106, 4, '#', '', 1, 0, 'F', '0', '0', 'system:config:remove', '#', 'admin', '2021-10-27 09:16:00', '', NULL, '');
INSERT INTO `sys_menu` VALUES (1035, '参数导出', 106, 5, '#', '', 1, 0, 'F', '0', '0', 'system:config:export', '#', 'admin', '2021-10-27 09:16:00', '', NULL, '');
INSERT INTO `sys_menu` VALUES (1036, '公告查询', 107, 1, '#', '', 1, 0, 'F', '0', '0', 'system:notice:query', '#', 'admin', '2021-10-27 09:16:00', '', NULL, '');
INSERT INTO `sys_menu` VALUES (1037, '公告新增', 107, 2, '#', '', 1, 0, 'F', '0', '0', 'system:notice:add', '#', 'admin', '2021-10-27 09:16:00', '', NULL, '');
INSERT INTO `sys_menu` VALUES (1038, '公告修改', 107, 3, '#', '', 1, 0, 'F', '0', '0', 'system:notice:edit', '#', 'admin', '2021-10-27 09:16:00', '', NULL, '');
INSERT INTO `sys_menu` VALUES (1039, '公告删除', 107, 4, '#', '', 1, 0, 'F', '0', '0', 'system:notice:remove', '#', 'admin', '2021-10-27 09:16:00', '', NULL, '');
INSERT INTO `sys_menu` VALUES (1040, '操作查询', 500, 1, '#', '', 1, 0, 'F', '0', '0', 'monitor:operlog:query', '#', 'admin', '2021-10-27 09:16:00', '', NULL, '');
INSERT INTO `sys_menu` VALUES (1041, '操作删除', 500, 2, '#', '', 1, 0, 'F', '0', '0', 'monitor:operlog:remove', '#', 'admin', '2021-10-27 09:16:00', '', NULL, '');
INSERT INTO `sys_menu` VALUES (1042, '日志导出', 500, 4, '#', '', 1, 0, 'F', '0', '0', 'monitor:operlog:export', '#', 'admin', '2021-10-27 09:16:00', '', NULL, '');
INSERT INTO `sys_menu` VALUES (1043, '登录查询', 501, 1, '#', '', 1, 0, 'F', '0', '0', 'monitor:logininfor:query', '#', 'admin', '2021-10-27 09:16:00', '', NULL, '');
INSERT INTO `sys_menu` VALUES (1044, '登录删除', 501, 2, '#', '', 1, 0, 'F', '0', '0', 'monitor:logininfor:remove', '#', 'admin', '2021-10-27 09:16:00', '', NULL, '');
INSERT INTO `sys_menu` VALUES (1045, '日志导出', 501, 3, '#', '', 1, 0, 'F', '0', '0', 'monitor:logininfor:export', '#', 'admin', '2021-10-27 09:16:00', '', NULL, '');
INSERT INTO `sys_menu` VALUES (1046, '在线查询', 109, 1, '#', '', 1, 0, 'F', '0', '0', 'monitor:online:query', '#', 'admin', '2021-10-27 09:16:00', '', NULL, '');
INSERT INTO `sys_menu` VALUES (1047, '批量强退', 109, 2, '#', '', 1, 0, 'F', '0', '0', 'monitor:online:batchLogout', '#', 'admin', '2021-10-27 09:16:00', '', NULL, '');
INSERT INTO `sys_menu` VALUES (1048, '单条强退', 109, 3, '#', '', 1, 0, 'F', '0', '0', 'monitor:online:forceLogout', '#', 'admin', '2021-10-27 09:16:00', '', NULL, '');
INSERT INTO `sys_menu` VALUES (1049, '任务查询', 110, 1, '#', '', 1, 0, 'F', '0', '0', 'monitor:job:query', '#', 'admin', '2021-10-27 09:16:00', '', NULL, '');
INSERT INTO `sys_menu` VALUES (1050, '任务新增', 110, 2, '#', '', 1, 0, 'F', '0', '0', 'monitor:job:add', '#', 'admin', '2021-10-27 09:16:00', '', NULL, '');
INSERT INTO `sys_menu` VALUES (1051, '任务修改', 110, 3, '#', '', 1, 0, 'F', '0', '0', 'monitor:job:edit', '#', 'admin', '2021-10-27 09:16:00', '', NULL, '');
INSERT INTO `sys_menu` VALUES (1052, '任务删除', 110, 4, '#', '', 1, 0, 'F', '0', '0', 'monitor:job:remove', '#', 'admin', '2021-10-27 09:16:00', '', NULL, '');
INSERT INTO `sys_menu` VALUES (1053, '状态修改', 110, 5, '#', '', 1, 0, 'F', '0', '0', 'monitor:job:changeStatus', '#', 'admin', '2021-10-27 09:16:00', '', NULL, '');
INSERT INTO `sys_menu` VALUES (1054, '任务导出', 110, 7, '#', '', 1, 0, 'F', '0', '0', 'monitor:job:export', '#', 'admin', '2021-10-27 09:16:00', '', NULL, '');
INSERT INTO `sys_menu` VALUES (1055, '生成查询', 115, 1, '#', '', 1, 0, 'F', '0', '0', 'tool:gen:query', '#', 'admin', '2021-10-27 09:16:00', '', NULL, '');
INSERT INTO `sys_menu` VALUES (1056, '生成修改', 115, 2, '#', '', 1, 0, 'F', '0', '0', 'tool:gen:edit', '#', 'admin', '2021-10-27 09:16:00', '', NULL, '');
INSERT INTO `sys_menu` VALUES (1057, '生成删除', 115, 3, '#', '', 1, 0, 'F', '0', '0', 'tool:gen:remove', '#', 'admin', '2021-10-27 09:16:00', '', NULL, '');
INSERT INTO `sys_menu` VALUES (1058, '导入代码', 115, 2, '#', '', 1, 0, 'F', '0', '0', 'tool:gen:import', '#', 'admin', '2021-10-27 09:16:00', '', NULL, '');
INSERT INTO `sys_menu` VALUES (1059, '预览代码', 115, 4, '#', '', 1, 0, 'F', '0', '0', 'tool:gen:preview', '#', 'admin', '2021-10-27 09:16:00', '', NULL, '');
INSERT INTO `sys_menu` VALUES (1060, '生成代码', 115, 5, '#', '', 1, 0, 'F', '0', '0', 'tool:gen:code', '#', 'admin', '2021-10-27 09:16:00', '', NULL, '');
INSERT INTO `sys_menu` VALUES (2000, '用户管理', 0, 1, 'userManage', NULL, 1, 0, 'M', '0', '0', NULL, 'user', 'admin', '2021-11-11 10:17:03', '', NULL, '');
INSERT INTO `sys_menu` VALUES (2001, '用户列表', 2000, 1, 'userList', 'userManage/userList/index', 1, 0, 'C', '0', '0', '', 'peoples', 'admin', '2021-11-11 10:20:35', 'admin', '2021-11-11 10:22:08', '');
INSERT INTO `sys_menu` VALUES (2002, '事件上报', 0, 2, 'oderManage', NULL, 1, 0, 'M', '0', '0', '', 'monitor', 'admin', '2021-11-11 10:23:12', 'admin', '2023-09-13 16:57:28', '');
INSERT INTO `sys_menu` VALUES (2003, '工单记录', 2002, 1, 'orderRecords', 'orderManage/orderRecords/index', 1, 0, 'C', '0', '0', NULL, 'dict', 'admin', '2021-11-11 10:24:22', '', NULL, '');
INSERT INTO `sys_menu` VALUES (2004, '派单列表', 2002, 2, 'dispatchOrderRecords', 'orderManage/dispatchOrderRecords/index', 1, 0, 'C', '0', '0', NULL, 'druid', 'admin', '2021-11-11 10:26:20', '', NULL, '');
INSERT INTO `sys_menu` VALUES (2005, '信息管理', 0, 3, 'infomationManage', NULL, 1, 0, 'M', '0', '0', NULL, 'redis', 'admin', '2021-11-12 16:23:40', '', NULL, '');
INSERT INTO `sys_menu` VALUES (2006, '服务项目', 2005, 1, 'serviceItems', 'infomationManage/serviceItem/index', 1, 0, 'C', '0', '0', '', 'form', 'admin', '2021-11-12 16:25:06', 'admin', '2021-11-12 16:27:51', '');
INSERT INTO `sys_menu` VALUES (2007, '轮播图', 2005, 2, 'swiper', 'infomationManage/swiper/index', 1, 0, 'C', '0', '0', '', 'build', 'admin', '2021-11-13 10:26:41', 'admin', '2021-11-13 10:26:52', '');
INSERT INTO `sys_menu` VALUES (2008, '资讯管理', 2005, 3, 'news', 'infomationManage/news/index', 1, 0, 'C', '0', '0', NULL, 'skill', 'admin', '2021-11-15 10:37:18', '', NULL, '');
INSERT INTO `sys_menu` VALUES (2009, '员工管理', 0, 5, 'employee', NULL, 1, 0, 'M', '0', '0', '', 'peoples', 'admin', '2021-11-15 13:45:58', 'admin', '2023-04-10 18:04:29', '');
INSERT INTO `sys_menu` VALUES (2010, '员工列表', 2009, 1, 'employeeList', 'employee/employeeList/index', 1, 0, 'C', '0', '0', NULL, 'user', 'admin', '2021-11-15 13:46:49', '', NULL, '');
INSERT INTO `sys_menu` VALUES (2011, '职务管理', 2009, 2, 'employeeType', 'employee/employeeType/index', 1, 0, 'C', '0', '0', '', 'people', 'admin', '2021-11-15 13:48:52', 'admin', '2021-11-16 16:52:46', '');
INSERT INTO `sys_menu` VALUES (2012, '公告', 2005, 4, 'notice', 'infomationManage/notice/index', 1, 0, 'C', '0', '0', NULL, 'link', 'admin', '2021-11-15 17:04:55', '', NULL, '');
INSERT INTO `sys_menu` VALUES (2013, '编辑公告', 2005, 4, 'editNotice', 'infomationManage/notice/editNotice', 1, 0, 'C', '1', '0', '', '#', 'admin', '2021-11-16 10:52:26', 'admin', '2021-11-16 13:52:38', '');
INSERT INTO `sys_menu` VALUES (2014, '公司简介', 2005, 5, 'companyInfo', 'infomationManage/companyInfo/index', 1, 0, 'C', '0', '0', NULL, 'log', 'admin', '2021-11-16 13:37:43', '', NULL, '');
INSERT INTO `sys_menu` VALUES (2015, '成功案例', 2005, 6, 'cases', 'infomationManage/cases/index', 1, 0, 'C', '0', '0', '', 'example', 'admin', '2021-11-16 13:52:25', 'admin', '2021-11-16 14:25:17', '');
INSERT INTO `sys_menu` VALUES (2016, '编辑案例', 2005, 6, 'editCase', 'infomationManage/cases/editCase', 1, 0, 'C', '1', '0', NULL, '#', 'admin', '2021-11-16 13:53:50', '', NULL, '');
INSERT INTO `sys_menu` VALUES (2017, '编辑服务项目', 2005, 1, 'editServiceItem', 'infomationManage/serviceItem/editServiceItem', 1, 0, 'C', '1', '0', '', '#', 'admin', '2021-11-18 11:11:20', 'admin', '2021-11-18 11:15:52', '');
INSERT INTO `sys_menu` VALUES (2018, '编辑轮播图', 2005, 2, 'editSwiper', 'infomationManage/swiper/editSwiper', 1, 0, 'C', '1', '0', '', '#', 'admin', '2021-11-18 13:59:49', 'admin', '2021-11-18 14:25:31', '');
INSERT INTO `sys_menu` VALUES (2019, '咨询介绍', 2005, 21, 'article', 'baseconfig/article/index', 1, 0, 'C', '0', '0', 'baseconfig:article:list', 'example', 'admin', '2022-10-28 17:35:03', 'admin', '2022-10-28 17:56:09', '咨询介绍菜单');
INSERT INTO `sys_menu` VALUES (2020, '咨询介绍查询', 2019, 1, '#', '', 1, 0, 'F', '0', '0', 'baseconfig:article:query', '#', 'admin', '2022-10-28 17:35:03', '', NULL, '');
INSERT INTO `sys_menu` VALUES (2021, '咨询介绍新增', 2019, 2, '#', '', 1, 0, 'F', '0', '0', 'baseconfig:article:add', '#', 'admin', '2022-10-28 17:35:03', '', NULL, '');
INSERT INTO `sys_menu` VALUES (2022, '咨询介绍修改', 2019, 3, '#', '', 1, 0, 'F', '0', '0', 'baseconfig:article:edit', '#', 'admin', '2022-10-28 17:35:03', '', NULL, '');
INSERT INTO `sys_menu` VALUES (2023, '咨询介绍删除', 2019, 4, '#', '', 1, 0, 'F', '0', '0', 'baseconfig:article:remove', '#', 'admin', '2022-10-28 17:35:03', '', NULL, '');
INSERT INTO `sys_menu` VALUES (2024, '咨询介绍导出', 2019, 5, '#', '', 1, 0, 'F', '0', '0', 'baseconfig:article:export', '#', 'admin', '2022-10-28 17:35:03', '', NULL, '');
INSERT INTO `sys_menu` VALUES (2025, '文本管理', 2005, 22, 'content', 'baseconfig/content/index', 1, 0, 'C', '0', '0', 'baseconfig:content:list', 'message', 'admin', '2022-10-28 17:35:21', 'admin', '2022-10-28 17:56:15', '文本管理菜单');
INSERT INTO `sys_menu` VALUES (2026, '文本管理查询', 2025, 1, '#', '', 1, 0, 'F', '0', '0', 'baseconfig:content:query', '#', 'admin', '2022-10-28 17:35:21', '', NULL, '');
INSERT INTO `sys_menu` VALUES (2027, '文本管理新增', 2025, 2, '#', '', 1, 0, 'F', '0', '0', 'baseconfig:content:add', '#', 'admin', '2022-10-28 17:35:21', '', NULL, '');
INSERT INTO `sys_menu` VALUES (2028, '文本管理修改', 2025, 3, '#', '', 1, 0, 'F', '0', '0', 'baseconfig:content:edit', '#', 'admin', '2022-10-28 17:35:21', '', NULL, '');
INSERT INTO `sys_menu` VALUES (2029, '文本管理删除', 2025, 4, '#', '', 1, 0, 'F', '0', '0', 'baseconfig:content:remove', '#', 'admin', '2022-10-28 17:35:21', '', NULL, '');
INSERT INTO `sys_menu` VALUES (2030, '文本管理导出', 2025, 5, '#', '', 1, 0, 'F', '0', '0', 'baseconfig:content:export', '#', 'admin', '2022-10-28 17:35:21', '', NULL, '');
INSERT INTO `sys_menu` VALUES (2031, '用户反馈', 2005, 23, 'feedback', 'baseconfig/feedback/index', 1, 0, 'C', '0', '0', 'baseconfig:feedback:list', 'question', 'admin', '2022-10-28 17:35:38', 'admin', '2022-10-28 17:56:22', '用户反馈菜单');
INSERT INTO `sys_menu` VALUES (2032, '用户反馈查询', 2031, 1, '#', '', 1, 0, 'F', '0', '0', 'baseconfig:feedback:query', '#', 'admin', '2022-10-28 17:35:39', '', NULL, '');
INSERT INTO `sys_menu` VALUES (2033, '用户反馈新增', 2031, 2, '#', '', 1, 0, 'F', '0', '0', 'baseconfig:feedback:add', '#', 'admin', '2022-10-28 17:35:39', '', NULL, '');
INSERT INTO `sys_menu` VALUES (2034, '用户反馈修改', 2031, 3, '#', '', 1, 0, 'F', '0', '0', 'baseconfig:feedback:edit', '#', 'admin', '2022-10-28 17:35:39', '', NULL, '');
INSERT INTO `sys_menu` VALUES (2035, '用户反馈删除', 2031, 4, '#', '', 1, 0, 'F', '0', '0', 'baseconfig:feedback:remove', '#', 'admin', '2022-10-28 17:35:39', '', NULL, '');
INSERT INTO `sys_menu` VALUES (2036, '用户反馈导出', 2031, 5, '#', '', 1, 0, 'F', '0', '0', 'baseconfig:feedback:export', '#', 'admin', '2022-10-28 17:35:39', '', NULL, '');
INSERT INTO `sys_menu` VALUES (2037, '产品', 2005, 26, 'product', 'baseconfig/product/index', 1, 0, 'C', '0', '0', 'baseconfig:product:list', 'star', 'admin', '2022-10-28 17:35:58', 'admin', '2022-10-29 10:06:26', '产品菜单');
INSERT INTO `sys_menu` VALUES (2038, '产品查询', 2037, 1, '#', '', 1, 0, 'F', '0', '0', 'baseconfig:product:query', '#', 'admin', '2022-10-28 17:35:58', '', NULL, '');
INSERT INTO `sys_menu` VALUES (2039, '产品新增', 2037, 2, '#', '', 1, 0, 'F', '0', '0', 'baseconfig:product:add', '#', 'admin', '2022-10-28 17:35:58', '', NULL, '');
INSERT INTO `sys_menu` VALUES (2040, '产品修改', 2037, 3, '#', '', 1, 0, 'F', '0', '0', 'baseconfig:product:edit', '#', 'admin', '2022-10-28 17:35:58', '', NULL, '');
INSERT INTO `sys_menu` VALUES (2041, '产品删除', 2037, 4, '#', '', 1, 0, 'F', '0', '0', 'baseconfig:product:remove', '#', 'admin', '2022-10-28 17:35:58', '', NULL, '');
INSERT INTO `sys_menu` VALUES (2042, '产品导出', 2037, 5, '#', '', 1, 0, 'F', '0', '0', 'baseconfig:product:export', '#', 'admin', '2022-10-28 17:35:58', '', NULL, '');
INSERT INTO `sys_menu` VALUES (2043, '产品类型', 2005, 25, 'producttype', 'baseconfig/producttype/index', 1, 0, 'C', '0', '0', 'baseconfig:producttype:list', 'size', 'admin', '2022-10-29 10:05:03', 'admin', '2022-10-29 10:06:39', '产品类型菜单');
INSERT INTO `sys_menu` VALUES (2044, '产品类型查询', 2043, 1, '#', '', 1, 0, 'F', '0', '0', 'baseconfig:producttype:query', '#', 'admin', '2022-10-29 10:05:03', '', NULL, '');
INSERT INTO `sys_menu` VALUES (2045, '产品类型新增', 2043, 2, '#', '', 1, 0, 'F', '0', '0', 'baseconfig:producttype:add', '#', 'admin', '2022-10-29 10:05:03', '', NULL, '');
INSERT INTO `sys_menu` VALUES (2046, '产品类型修改', 2043, 3, '#', '', 1, 0, 'F', '0', '0', 'baseconfig:producttype:edit', '#', 'admin', '2022-10-29 10:05:03', '', NULL, '');
INSERT INTO `sys_menu` VALUES (2047, '产品类型删除', 2043, 4, '#', '', 1, 0, 'F', '0', '0', 'baseconfig:producttype:remove', '#', 'admin', '2022-10-29 10:05:03', '', NULL, '');
INSERT INTO `sys_menu` VALUES (2048, '产品类型导出', 2043, 5, '#', '', 1, 0, 'F', '0', '0', 'baseconfig:producttype:export', '#', 'admin', '2022-10-29 10:05:03', '', NULL, '');
INSERT INTO `sys_menu` VALUES (2049, '计算模型', 2005, 20, 'modelconfig', 'baseconfig/modelconfig/index', 1, 0, 'C', '0', '0', 'baseconfig:modelconfig:list', 'theme', 'admin', '2022-11-08 19:02:03', 'admin', '2022-11-11 15:55:03', '暖通模型菜单');
INSERT INTO `sys_menu` VALUES (2050, '暖通模型查询', 2049, 1, '#', '', 1, 0, 'F', '0', '0', 'baseconfig:modelconfig:query', '#', 'admin', '2022-11-08 19:02:03', '', NULL, '');
INSERT INTO `sys_menu` VALUES (2051, '暖通模型新增', 2049, 2, '#', '', 1, 0, 'F', '0', '0', 'baseconfig:modelconfig:add', '#', 'admin', '2022-11-08 19:02:03', '', NULL, '');
INSERT INTO `sys_menu` VALUES (2052, '暖通模型修改', 2049, 3, '#', '', 1, 0, 'F', '0', '0', 'baseconfig:modelconfig:edit', '#', 'admin', '2022-11-08 19:02:03', '', NULL, '');
INSERT INTO `sys_menu` VALUES (2053, '暖通模型删除', 2049, 4, '#', '', 1, 0, 'F', '0', '0', 'baseconfig:modelconfig:remove', '#', 'admin', '2022-11-08 19:02:03', '', NULL, '');
INSERT INTO `sys_menu` VALUES (2054, '暖通模型导出', 2049, 5, '#', '', 1, 0, 'F', '0', '0', 'baseconfig:modelconfig:export', '#', 'admin', '2022-11-08 19:02:03', '', NULL, '');
INSERT INTO `sys_menu` VALUES (2063, '巡检管理', 0, 4, 'projectManage', NULL, 1, 0, 'M', '0', '0', '', 'job', 'admin', '2023-04-21 12:46:06', 'admin', '2023-09-13 16:57:52', '');
INSERT INTO `sys_menu` VALUES (2064, '项目列表', 2063, 1, 'projectList', 'projectManage/projectList/index', 1, 0, 'C', '0', '0', NULL, 'list', 'admin', '2023-04-21 12:47:06', '', NULL, '');
INSERT INTO `sys_menu` VALUES (2065, '添加项目', 2063, 1, 'projectList/add', 'projectManage/projectList/projectCfg', 1, 0, 'C', '1', '0', NULL, '#', 'admin', '2023-04-21 12:47:59', '', NULL, '');
INSERT INTO `sys_menu` VALUES (2066, '编辑项目', 2063, 1, 'projectList/edit', 'projectManage/projectList/projectCfg', 1, 0, 'C', '1', '0', NULL, '#', 'admin', '2023-04-21 12:49:35', '', NULL, '');
INSERT INTO `sys_menu` VALUES (2067, '项目详情列表', 2063, 2, 'projectDetailList', 'projectManage/projectDetailList/index', 1, 0, 'C', '0', '0', NULL, 'list', 'admin', '2023-04-21 12:50:57', '', NULL, '');
INSERT INTO `sys_menu` VALUES (2068, '项目详情添加', 2063, 2, 'projectDetailList/add', 'projectManage/projectDetailList/projectDetailCfg', 1, 0, 'C', '1', '0', NULL, '#', 'admin', '2023-04-21 12:51:50', '', NULL, '');
INSERT INTO `sys_menu` VALUES (2069, '项目详情修改', 2063, 2, 'projectDetailList/edit', 'projectManage/projectDetailList/projectDetailCfg', 1, 0, 'C', '1', '0', NULL, '#', 'admin', '2023-04-21 12:52:40', '', NULL, '');
INSERT INTO `sys_menu` VALUES (2070, '用户画像', 0, 6, 'dataStatistics', NULL, 1, 0, 'M', '0', '0', '', 'chart', 'admin', '2023-06-05 10:19:22', 'admin', '2023-06-07 16:58:44', '');
INSERT INTO `sys_menu` VALUES (2071, '用户性别画像', 2070, 1, 'sex', 'dataStatistics/sex/index', 1, 0, 'C', '0', '0', NULL, 'theme', 'admin', '2023-06-05 10:23:51', '', NULL, '');
INSERT INTO `sys_menu` VALUES (2072, '用户年龄画像', 2070, 2, 'age', 'dataStatistics/age/index', 1, 0, 'C', '0', '0', NULL, 'number', 'admin', '2023-06-05 10:26:38', '', NULL, '');
INSERT INTO `sys_menu` VALUES (2073, '用户设备画像', 2070, 3, 'mobile', 'dataStatistics/mobile/index', 1, 0, 'C', '0', '0', NULL, 'phone', 'admin', '2023-06-05 10:27:25', '', NULL, '');
INSERT INTO `sys_menu` VALUES (2074, '用户地域画像', 2070, 4, 'area', 'dataStatistics/area/index', 1, 0, 'C', '0', '0', '', 'international', 'admin', '2023-06-05 10:28:33', 'admin', '2023-06-07 17:00:13', '');
INSERT INTO `sys_menu` VALUES (2075, '数据看板', 0, 7, 'dataMonitor', NULL, 1, 0, 'M', '0', '0', NULL, 'number', 'admin', '2023-06-09 20:01:30', '', NULL, '');
INSERT INTO `sys_menu` VALUES (2076, '核心数据', 2075, 1, 'coreData', 'dataMonitor/coreData/index', 1, 0, 'C', '0', '0', NULL, '#', 'admin', '2023-06-09 20:02:48', '', NULL, '');
INSERT INTO `sys_menu` VALUES (2077, '访问趋势分析', 2075, 2, 'accessTrends', 'dataMonitor/accessTrends/index', 1, 0, 'C', '0', '0', NULL, '#', 'admin', '2023-06-09 20:04:14', '', NULL, '');
INSERT INTO `sys_menu` VALUES (2078, '访问留存分析', 2075, 3, 'accessRetention', 'dataMonitor/accessRetention/index', 1, 0, 'C', '0', '0', NULL, '#', 'admin', '2023-06-09 20:04:51', '', NULL, '');
INSERT INTO `sys_menu` VALUES (2079, '访问页面分析', 2075, 4, 'accessPages', 'dataMonitor/accessPages/index', 1, 0, 'C', '0', '0', NULL, '#', 'admin', '2023-06-09 20:05:29', '', NULL, '');

-- ----------------------------
-- Table structure for sys_notice
-- ----------------------------
DROP TABLE IF EXISTS `sys_notice`;
CREATE TABLE `sys_notice`  (
  `notice_id` int(0) NOT NULL AUTO_INCREMENT COMMENT '公告ID',
  `notice_title` varchar(50) CHARACTER SET utf8mb3 COLLATE utf8mb3_general_ci NOT NULL COMMENT '公告标题',
  `notice_type` char(1) CHARACTER SET utf8mb3 COLLATE utf8mb3_general_ci NOT NULL COMMENT '公告类型（1通知 2公告 3.公司简介）',
  `notice_content` longblob NULL COMMENT '公告内容',
  `status` char(1) CHARACTER SET utf8mb3 COLLATE utf8mb3_general_ci NULL DEFAULT '0' COMMENT '公告状态（0正常 1关闭）',
  `sort` int(0) NULL DEFAULT NULL COMMENT '排序',
  `create_by` varchar(64) CHARACTER SET utf8mb3 COLLATE utf8mb3_general_ci NULL DEFAULT '' COMMENT '创建者',
  `create_time` datetime(0) NULL DEFAULT NULL COMMENT '创建时间',
  `update_by` varchar(64) CHARACTER SET utf8mb3 COLLATE utf8mb3_general_ci NULL DEFAULT '' COMMENT '更新者',
  `update_time` datetime(0) NULL DEFAULT NULL COMMENT '更新时间',
  `remark` varchar(255) CHARACTER SET utf8mb3 COLLATE utf8mb3_general_ci NULL DEFAULT NULL COMMENT '备注',
  PRIMARY KEY (`notice_id`) USING BTREE
) ENGINE = InnoDB AUTO_INCREMENT = 19 CHARACTER SET = utf8mb3 COLLATE = utf8mb3_general_ci COMMENT = '通知公告表' ROW_FORMAT = Dynamic;

-- ----------------------------
-- Records of sys_notice
-- ----------------------------

-- ----------------------------
-- Table structure for sys_oper_log
-- ----------------------------
DROP TABLE IF EXISTS `sys_oper_log`;
CREATE TABLE `sys_oper_log`  (
  `oper_id` bigint(0) NOT NULL AUTO_INCREMENT COMMENT '日志主键',
  `title` varchar(50) CHARACTER SET utf8mb3 COLLATE utf8mb3_general_ci NULL DEFAULT '' COMMENT '模块标题',
  `business_type` int(0) NULL DEFAULT 0 COMMENT '业务类型（0其它 1新增 2修改 3删除）',
  `method` varchar(100) CHARACTER SET utf8mb3 COLLATE utf8mb3_general_ci NULL DEFAULT '' COMMENT '方法名称',
  `request_method` varchar(10) CHARACTER SET utf8mb3 COLLATE utf8mb3_general_ci NULL DEFAULT '' COMMENT '请求方式',
  `operator_type` int(0) NULL DEFAULT 0 COMMENT '操作类别（0其它 1后台用户 2手机端用户）',
  `oper_name` varchar(50) CHARACTER SET utf8mb3 COLLATE utf8mb3_general_ci NULL DEFAULT '' COMMENT '操作人员',
  `dept_name` varchar(50) CHARACTER SET utf8mb3 COLLATE utf8mb3_general_ci NULL DEFAULT '' COMMENT '部门名称',
  `oper_url` varchar(255) CHARACTER SET utf8mb3 COLLATE utf8mb3_general_ci NULL DEFAULT '' COMMENT '请求URL',
  `oper_ip` varchar(128) CHARACTER SET utf8mb3 COLLATE utf8mb3_general_ci NULL DEFAULT '' COMMENT '主机地址',
  `oper_location` varchar(255) CHARACTER SET utf8mb3 COLLATE utf8mb3_general_ci NULL DEFAULT '' COMMENT '操作地点',
  `oper_param` varchar(2000) CHARACTER SET utf8mb3 COLLATE utf8mb3_general_ci NULL DEFAULT '' COMMENT '请求参数',
  `json_result` varchar(2000) CHARACTER SET utf8mb3 COLLATE utf8mb3_general_ci NULL DEFAULT '' COMMENT '返回参数',
  `status` int(0) NULL DEFAULT 0 COMMENT '操作状态（0正常 1异常）',
  `error_msg` varchar(2000) CHARACTER SET utf8mb3 COLLATE utf8mb3_general_ci NULL DEFAULT '' COMMENT '错误消息',
  `oper_time` datetime(0) NULL DEFAULT NULL COMMENT '操作时间',
  PRIMARY KEY (`oper_id`) USING BTREE
) ENGINE = InnoDB AUTO_INCREMENT = 472 CHARACTER SET = utf8mb3 COLLATE = utf8mb3_general_ci COMMENT = '操作日志记录' ROW_FORMAT = Dynamic;

-- ----------------------------
-- Records of sys_oper_log
-- ----------------------------
INSERT INTO `sys_oper_log` VALUES (468, '用户反馈', 3, 'com.lh.baseconfig.controller.BaseFeedbackController.remove()', 'DELETE', 1, 'admin', NULL, '/baseconfig/feedback/1', '127.0.0.1', '内网IP', '{ids=1}', '{\"msg\":\"操作成功\",\"code\":200}', 0, NULL, '2023-09-12 17:57:40');
INSERT INTO `sys_oper_log` VALUES (469, '菜单管理', 3, 'com.lh.web.controller.system.SysMenuController.remove()', 'DELETE', 1, 'admin', NULL, '/system/menu/4', '127.0.0.1', '内网IP', '{menuId=4}', '{\"msg\":\"操作成功\",\"code\":200}', 0, NULL, '2023-09-12 17:59:43');
INSERT INTO `sys_oper_log` VALUES (470, '参数管理', 2, 'com.lh.web.controller.system.SysConfigController.edit()', 'PUT', 1, 'admin', NULL, '/system/config', '127.0.0.1', '内网IP', '{\"configName\":\"主框架页-默认皮肤样式名称\",\"remark\":\"蓝色 skin-blue、绿色 skin-green、紫色 skin-purple、红色 skin-red、黄色 skin-yellow\",\"configType\":\"Y\",\"configValue\":\"skin-green\",\"params\":{},\"configKey\":\"sys.index.skinName\",\"createBy\":\"admin\",\"createTime\":1635297360000,\"updateBy\":\"admin\",\"configId\":1}', '{\"msg\":\"操作成功\",\"code\":200}', 0, NULL, '2023-09-12 18:00:45');
INSERT INTO `sys_oper_log` VALUES (471, '菜单管理', 2, 'com.lh.web.controller.system.SysMenuController.edit()', 'PUT', 1, 'admin', NULL, '/system/menu', '127.0.0.1', '内网IP', '{\"visible\":\"0\",\"icon\":\"monitor\",\"orderNum\":\"2\",\"menuName\":\"事件上报\",\"params\":{},\"parentId\":0,\"isCache\":\"0\",\"path\":\"oderManage\",\"children\":[],\"createTime\":1636597392000,\"updateBy\":\"admin\",\"isFrame\":\"1\",\"menuId\":2002,\"menuType\":\"M\",\"perms\":\"\",\"status\":\"0\"}', '{\"msg\":\"操作成功\",\"code\":200}', 0, NULL, '2023-09-13 16:57:28');
INSERT INTO `sys_oper_log` VALUES (472, '菜单管理', 2, 'com.lh.web.controller.system.SysMenuController.edit()', 'PUT', 1, 'admin', NULL, '/system/menu', '127.0.0.1', '内网IP', '{\"visible\":\"0\",\"icon\":\"job\",\"orderNum\":\"4\",\"menuName\":\"巡检管理\",\"params\":{},\"parentId\":0,\"isCache\":\"0\",\"path\":\"projectManage\",\"children\":[],\"createTime\":1682052366000,\"updateBy\":\"admin\",\"isFrame\":\"1\",\"menuId\":2063,\"menuType\":\"M\",\"perms\":\"\",\"status\":\"0\"}', '{\"msg\":\"操作成功\",\"code\":200}', 0, NULL, '2023-09-13 16:57:52');

-- ----------------------------
-- Table structure for sys_post
-- ----------------------------
DROP TABLE IF EXISTS `sys_post`;
CREATE TABLE `sys_post`  (
  `post_id` bigint(0) NOT NULL AUTO_INCREMENT COMMENT '岗位ID',
  `post_code` varchar(64) CHARACTER SET utf8mb3 COLLATE utf8mb3_general_ci NOT NULL COMMENT '岗位编码',
  `post_name` varchar(50) CHARACTER SET utf8mb3 COLLATE utf8mb3_general_ci NOT NULL COMMENT '岗位名称',
  `post_sort` int(0) NOT NULL COMMENT '显示顺序',
  `status` char(1) CHARACTER SET utf8mb3 COLLATE utf8mb3_general_ci NOT NULL COMMENT '状态（0正常 1停用）',
  `create_by` varchar(64) CHARACTER SET utf8mb3 COLLATE utf8mb3_general_ci NULL DEFAULT '' COMMENT '创建者',
  `create_time` datetime(0) NULL DEFAULT NULL COMMENT '创建时间',
  `update_by` varchar(64) CHARACTER SET utf8mb3 COLLATE utf8mb3_general_ci NULL DEFAULT '' COMMENT '更新者',
  `update_time` datetime(0) NULL DEFAULT NULL COMMENT '更新时间',
  `remark` varchar(500) CHARACTER SET utf8mb3 COLLATE utf8mb3_general_ci NULL DEFAULT NULL COMMENT '备注',
  PRIMARY KEY (`post_id`) USING BTREE
) ENGINE = InnoDB AUTO_INCREMENT = 17 CHARACTER SET = utf8mb3 COLLATE = utf8mb3_general_ci COMMENT = '岗位信息表' ROW_FORMAT = Dynamic;

-- ----------------------------
-- Records of sys_post
-- ----------------------------
INSERT INTO `sys_post` VALUES (1, 'ceo', '总经理', 1, '0', 'admin', '2021-10-27 09:16:00', '', '2021-11-24 16:50:03', '');
INSERT INTO `sys_post` VALUES (2, '项目调度', '项目调度', 10, '0', 'admin', '2021-11-24 16:54:20', '', NULL, NULL);
INSERT INTO `sys_post` VALUES (5, 'customerSerivce', '客服', 5, '0', 'admin', '2021-11-09 13:35:56', '', NULL, NULL);
INSERT INTO `sys_post` VALUES (14, '技术咨询', '技术咨询', 9, '0', '', '2021-11-24 16:07:19', '', NULL, NULL);
INSERT INTO `sys_post` VALUES (15, 'engineer', '工程师', 11, '0', '', '2021-11-24 16:55:30', '', NULL, NULL);
INSERT INTO `sys_post` VALUES (16, 'manager', '项目经理', 12, '0', '', '2022-12-07 10:41:06', '', NULL, NULL);

-- ----------------------------
-- Table structure for sys_role
-- ----------------------------
DROP TABLE IF EXISTS `sys_role`;
CREATE TABLE `sys_role`  (
  `role_id` bigint(0) NOT NULL AUTO_INCREMENT COMMENT '角色ID',
  `role_name` varchar(30) CHARACTER SET utf8mb3 COLLATE utf8mb3_general_ci NOT NULL COMMENT '角色名称',
  `role_key` varchar(100) CHARACTER SET utf8mb3 COLLATE utf8mb3_general_ci NOT NULL COMMENT '角色权限字符串',
  `role_sort` int(0) NOT NULL COMMENT '显示顺序',
  `data_scope` char(1) CHARACTER SET utf8mb3 COLLATE utf8mb3_general_ci NULL DEFAULT '1' COMMENT '数据范围（1：全部数据权限 2：自定数据权限 3：本部门数据权限 4：本部门及以下数据权限）',
  `menu_check_strictly` tinyint(1) NULL DEFAULT 1 COMMENT '菜单树选择项是否关联显示',
  `dept_check_strictly` tinyint(1) NULL DEFAULT 1 COMMENT '部门树选择项是否关联显示',
  `status` char(1) CHARACTER SET utf8mb3 COLLATE utf8mb3_general_ci NOT NULL COMMENT '角色状态（0正常 1停用）',
  `del_flag` char(1) CHARACTER SET utf8mb3 COLLATE utf8mb3_general_ci NULL DEFAULT '0' COMMENT '删除标志（0代表存在 2代表删除）',
  `create_by` varchar(64) CHARACTER SET utf8mb3 COLLATE utf8mb3_general_ci NULL DEFAULT '' COMMENT '创建者',
  `create_time` datetime(0) NULL DEFAULT NULL COMMENT '创建时间',
  `update_by` varchar(64) CHARACTER SET utf8mb3 COLLATE utf8mb3_general_ci NULL DEFAULT '' COMMENT '更新者',
  `update_time` datetime(0) NULL DEFAULT NULL COMMENT '更新时间',
  `remark` varchar(500) CHARACTER SET utf8mb3 COLLATE utf8mb3_general_ci NULL DEFAULT NULL COMMENT '备注',
  PRIMARY KEY (`role_id`) USING BTREE
) ENGINE = InnoDB AUTO_INCREMENT = 101 CHARACTER SET = utf8mb3 COLLATE = utf8mb3_general_ci COMMENT = '角色信息表' ROW_FORMAT = Dynamic;

-- ----------------------------
-- Records of sys_role
-- ----------------------------
INSERT INTO `sys_role` VALUES (1, '超级管理员', 'admin', 1, '1', 1, 1, '0', '0', 'admin', '2021-10-27 09:16:00', '', NULL, '超级管理员');
INSERT INTO `sys_role` VALUES (2, '普通角色', 'common', 2, '2', 1, 1, '0', '0', 'admin', '2021-10-27 09:16:00', 'admin', '2021-11-19 15:19:50', '普通角色');
INSERT INTO `sys_role` VALUES (100, '普通职工', '12', 3, '1', 1, 1, '0', '2', 'admin', '2021-11-24 14:17:38', '', NULL, NULL);

-- ----------------------------
-- Table structure for sys_role_dept
-- ----------------------------
DROP TABLE IF EXISTS `sys_role_dept`;
CREATE TABLE `sys_role_dept`  (
  `role_id` bigint(0) NOT NULL COMMENT '角色ID',
  `dept_id` bigint(0) NOT NULL COMMENT '部门ID',
  PRIMARY KEY (`role_id`, `dept_id`) USING BTREE
) ENGINE = InnoDB CHARACTER SET = utf8mb3 COLLATE = utf8mb3_general_ci COMMENT = '角色和部门关联表' ROW_FORMAT = Dynamic;

-- ----------------------------
-- Records of sys_role_dept
-- ----------------------------
INSERT INTO `sys_role_dept` VALUES (2, 100);
INSERT INTO `sys_role_dept` VALUES (2, 101);
INSERT INTO `sys_role_dept` VALUES (2, 105);

-- ----------------------------
-- Table structure for sys_role_menu
-- ----------------------------
DROP TABLE IF EXISTS `sys_role_menu`;
CREATE TABLE `sys_role_menu`  (
  `role_id` bigint(0) NOT NULL COMMENT '角色ID',
  `menu_id` bigint(0) NOT NULL COMMENT '菜单ID',
  PRIMARY KEY (`role_id`, `menu_id`) USING BTREE
) ENGINE = InnoDB CHARACTER SET = utf8mb3 COLLATE = utf8mb3_general_ci COMMENT = '角色和菜单关联表' ROW_FORMAT = Dynamic;

-- ----------------------------
-- Records of sys_role_menu
-- ----------------------------
INSERT INTO `sys_role_menu` VALUES (2, 2000);
INSERT INTO `sys_role_menu` VALUES (2, 2001);
INSERT INTO `sys_role_menu` VALUES (2, 2002);
INSERT INTO `sys_role_menu` VALUES (2, 2003);
INSERT INTO `sys_role_menu` VALUES (2, 2004);
INSERT INTO `sys_role_menu` VALUES (2, 2005);
INSERT INTO `sys_role_menu` VALUES (2, 2006);
INSERT INTO `sys_role_menu` VALUES (2, 2007);
INSERT INTO `sys_role_menu` VALUES (2, 2008);
INSERT INTO `sys_role_menu` VALUES (2, 2009);
INSERT INTO `sys_role_menu` VALUES (2, 2010);
INSERT INTO `sys_role_menu` VALUES (2, 2011);
INSERT INTO `sys_role_menu` VALUES (2, 2012);
INSERT INTO `sys_role_menu` VALUES (2, 2013);
INSERT INTO `sys_role_menu` VALUES (2, 2014);
INSERT INTO `sys_role_menu` VALUES (2, 2015);
INSERT INTO `sys_role_menu` VALUES (2, 2016);
INSERT INTO `sys_role_menu` VALUES (2, 2017);
INSERT INTO `sys_role_menu` VALUES (2, 2018);

-- ----------------------------
-- Table structure for sys_user
-- ----------------------------
DROP TABLE IF EXISTS `sys_user`;
CREATE TABLE `sys_user`  (
  `user_id` bigint(0) NOT NULL AUTO_INCREMENT COMMENT '用户ID',
  `dept_id` bigint(0) NULL DEFAULT NULL COMMENT '部门ID',
  `user_name` varchar(30) CHARACTER SET utf8mb3 COLLATE utf8mb3_general_ci NOT NULL COMMENT '用户账号',
  `nick_name` varchar(30) CHARACTER SET utf8mb3 COLLATE utf8mb3_general_ci NOT NULL COMMENT '用户昵称',
  `user_type` varchar(2) CHARACTER SET utf8mb3 COLLATE utf8mb3_general_ci NULL DEFAULT '00' COMMENT '用户类型（00系统用户）',
  `email` varchar(50) CHARACTER SET utf8mb3 COLLATE utf8mb3_general_ci NULL DEFAULT '' COMMENT '用户邮箱',
  `phonenumber` varchar(11) CHARACTER SET utf8mb3 COLLATE utf8mb3_general_ci NULL DEFAULT '' COMMENT '手机号码',
  `sex` char(1) CHARACTER SET utf8mb3 COLLATE utf8mb3_general_ci NULL DEFAULT '0' COMMENT '用户性别（0男 1女 2未知）',
  `avatar` varchar(100) CHARACTER SET utf8mb3 COLLATE utf8mb3_general_ci NULL DEFAULT '' COMMENT '头像地址',
  `password` varchar(100) CHARACTER SET utf8mb3 COLLATE utf8mb3_general_ci NULL DEFAULT '' COMMENT '密码',
  `status` char(1) CHARACTER SET utf8mb3 COLLATE utf8mb3_general_ci NULL DEFAULT '0' COMMENT '帐号状态（0正常 1停用）',
  `del_flag` char(1) CHARACTER SET utf8mb3 COLLATE utf8mb3_general_ci NULL DEFAULT '0' COMMENT '删除标志（0代表存在 2代表删除）',
  `login_ip` varchar(128) CHARACTER SET utf8mb3 COLLATE utf8mb3_general_ci NULL DEFAULT '' COMMENT '最后登录IP',
  `login_date` datetime(0) NULL DEFAULT NULL COMMENT '最后登录时间',
  `create_by` varchar(64) CHARACTER SET utf8mb3 COLLATE utf8mb3_general_ci NULL DEFAULT '' COMMENT '创建者',
  `create_time` datetime(0) NULL DEFAULT NULL COMMENT '创建时间',
  `update_by` varchar(64) CHARACTER SET utf8mb3 COLLATE utf8mb3_general_ci NULL DEFAULT '' COMMENT '更新者',
  `update_time` datetime(0) NULL DEFAULT NULL COMMENT '更新时间',
  `remark` varchar(500) CHARACTER SET utf8mb3 COLLATE utf8mb3_general_ci NULL DEFAULT NULL COMMENT '备注',
  PRIMARY KEY (`user_id`) USING BTREE
) ENGINE = InnoDB AUTO_INCREMENT = 136 CHARACTER SET = utf8mb3 COLLATE = utf8mb3_general_ci COMMENT = '用户信息表' ROW_FORMAT = Dynamic;

-- ----------------------------
-- Records of sys_user
-- ----------------------------
INSERT INTO `sys_user` VALUES (1, 103, 'admin', '管理员', '00', 'ryyyy@163.com', '15999999999', '0', '/profile/avatar/2022/12/26/78da2ce5-a1b2-4617-b9bc-0ec50d97ad33.jpeg', '$2a$10$OiG6yjp4dybMbTOp582LAu5qGC9/9mlRrxHiirK6Owg4UMkmzIYJq', '0', '0', '127.0.0.1', '2023-09-14 11:03:29', 'admin', '2021-10-27 09:16:00', '', '2023-09-14 11:03:28', '管理员');
INSERT INTO `sys_user` VALUES (2, 105, 'ry', '陆巡', '00', 'rrry@qq.com', '15333333333', '1', '', '$2a$10$7JB720yubVSZvUI0rEqK/.VqGOZTH.ulu33dHOiBE8ByOhJIrdAu2', '0', '0', '127.0.0.1', '2021-11-04 11:46:21', 'admin', '2021-10-27 09:16:00', '', '2021-11-17 16:52:56', '测试员');

-- ----------------------------
-- Table structure for sys_user_post
-- ----------------------------
DROP TABLE IF EXISTS `sys_user_post`;
CREATE TABLE `sys_user_post`  (
  `user_id` bigint(0) NOT NULL COMMENT '用户ID',
  `post_id` bigint(0) NOT NULL COMMENT '岗位ID',
  PRIMARY KEY (`user_id`, `post_id`) USING BTREE
) ENGINE = InnoDB CHARACTER SET = utf8mb3 COLLATE = utf8mb3_general_ci COMMENT = '用户与岗位关联表' ROW_FORMAT = Dynamic;

-- ----------------------------
-- Records of sys_user_post
-- ----------------------------
INSERT INTO `sys_user_post` VALUES (1, 1);
INSERT INTO `sys_user_post` VALUES (2, 3);
INSERT INTO `sys_user_post` VALUES (100, 5);
INSERT INTO `sys_user_post` VALUES (101, 15);
INSERT INTO `sys_user_post` VALUES (102, 16);
INSERT INTO `sys_user_post` VALUES (105, 4);
INSERT INTO `sys_user_post` VALUES (109, 6);
INSERT INTO `sys_user_post` VALUES (110, 6);
INSERT INTO `sys_user_post` VALUES (111, 1);
INSERT INTO `sys_user_post` VALUES (112, 15);
INSERT INTO `sys_user_post` VALUES (115, 16);
INSERT INTO `sys_user_post` VALUES (116, 2);
INSERT INTO `sys_user_post` VALUES (117, 14);
INSERT INTO `sys_user_post` VALUES (118, 1);
INSERT INTO `sys_user_post` VALUES (119, 2);
INSERT INTO `sys_user_post` VALUES (120, 5);
INSERT INTO `sys_user_post` VALUES (123, 5);
INSERT INTO `sys_user_post` VALUES (125, 15);
INSERT INTO `sys_user_post` VALUES (128, 16);
INSERT INTO `sys_user_post` VALUES (129, 15);
INSERT INTO `sys_user_post` VALUES (131, 15);
INSERT INTO `sys_user_post` VALUES (132, 5);
INSERT INTO `sys_user_post` VALUES (133, 16);
INSERT INTO `sys_user_post` VALUES (134, 15);
INSERT INTO `sys_user_post` VALUES (135, 15);

-- ----------------------------
-- Table structure for sys_user_role
-- ----------------------------
DROP TABLE IF EXISTS `sys_user_role`;
CREATE TABLE `sys_user_role`  (
  `user_id` bigint(0) NOT NULL COMMENT '用户ID',
  `role_id` bigint(0) NOT NULL COMMENT '角色ID',
  PRIMARY KEY (`user_id`, `role_id`) USING BTREE
) ENGINE = InnoDB CHARACTER SET = utf8mb3 COLLATE = utf8mb3_general_ci COMMENT = '用户和角色关联表' ROW_FORMAT = Dynamic;

-- ----------------------------
-- Records of sys_user_role
-- ----------------------------
INSERT INTO `sys_user_role` VALUES (1, 1);
INSERT INTO `sys_user_role` VALUES (2, 2);
INSERT INTO `sys_user_role` VALUES (110, 2);
INSERT INTO `sys_user_role` VALUES (116, 2);
INSERT INTO `sys_user_role` VALUES (117, 2);
INSERT INTO `sys_user_role` VALUES (118, 2);
INSERT INTO `sys_user_role` VALUES (119, 2);
INSERT INTO `sys_user_role` VALUES (129, 2);
INSERT INTO `sys_user_role` VALUES (131, 2);
INSERT INTO `sys_user_role` VALUES (132, 2);
INSERT INTO `sys_user_role` VALUES (133, 2);
INSERT INTO `sys_user_role` VALUES (134, 2);
INSERT INTO `sys_user_role` VALUES (135, 2);

-- ----------------------------
-- Table structure for user_info
-- ----------------------------
DROP TABLE IF EXISTS `user_info`;
CREATE TABLE `user_info`  (
  `id` bigint(0) NOT NULL AUTO_INCREMENT,
  `user_id` bigint(0) NULL DEFAULT NULL COMMENT '关联的系统用户',
  `nick_name` varchar(255) CHARACTER SET utf8mb4 COLLATE utf8mb4_0900_ai_ci NULL DEFAULT NULL COMMENT '昵称',
  `open_id` varchar(255) CHARACTER SET utf8mb3 COLLATE utf8mb3_general_ci NULL DEFAULT NULL COMMENT '微信openId',
  `user_type` varchar(10) CHARACTER SET utf8mb3 COLLATE utf8mb3_general_ci NULL DEFAULT NULL COMMENT '用户类型(1.普通用户2.客服3.工程师)',
  `avatar` varchar(255) CHARACTER SET utf8mb3 COLLATE utf8mb3_general_ci NULL DEFAULT NULL COMMENT '微信头像',
  `phone` varchar(255) CHARACTER SET utf8mb3 COLLATE utf8mb3_general_ci NULL DEFAULT NULL COMMENT '电话号码',
  `create_time` datetime(0) NULL DEFAULT NULL COMMENT '创建时间',
  `update_time` datetime(0) NULL DEFAULT NULL COMMENT '更新时间',
  `session_key` varchar(255) CHARACTER SET utf8mb3 COLLATE utf8mb3_general_ci NULL DEFAULT NULL COMMENT '保存sessionKey值',
  `user_name` varchar(30) CHARACTER SET utf8mb3 COLLATE utf8mb3_general_ci NULL DEFAULT NULL COMMENT '姓名',
  `address` varchar(300) CHARACTER SET utf8mb3 COLLATE utf8mb3_general_ci NULL DEFAULT NULL COMMENT '地址',
  `auth_status` varchar(2) CHARACTER SET utf8mb3 COLLATE utf8mb3_general_ci NULL DEFAULT NULL COMMENT '认证状态01认证中02认证通过03认证不通过',
  `hot_amount` int(0) NULL DEFAULT NULL COMMENT '热力豆',
  PRIMARY KEY (`id`) USING BTREE
) ENGINE = InnoDB AUTO_INCREMENT = 478 CHARACTER SET = utf8mb3 COLLATE = utf8mb3_general_ci ROW_FORMAT = Dynamic;

-- ----------------------------
-- Records of user_info
-- ----------------------------
INSERT INTO `user_info` VALUES (174, NULL, '张三', 'oQCgY5RZLdpx57_FwDHet0K9TeG4', '1', NULL, NULL, '2021-11-30 21:35:06', NULL, 'A2wQ584jh4wgyi5M7KM8nw==', NULL, NULL, NULL, NULL);
INSERT INTO `user_info` VALUES (175, NULL, '李四', 'oQCgY5ci2y8BUbEK892NZIJyg9iU', '1', NULL, NULL, '2021-11-30 23:20:00', NULL, 'NyjaNQSjgtw6bA8QdN1p6g==', NULL, NULL, NULL, NULL);
INSERT INTO `user_info` VALUES (344, NULL, '微信用户', 'oQCgY5aAFp8wGmDfDzdVUR3IUVZU', '3', 'https://thirdwx.qlogo.cn/mmopen/vi_32/POgEwh4mIHO4nibH0KlMECNjjGxQUq24ZEaGT4poC6icRiccVGKSyXwibcPq4BWmiaIGuG1icwxaQX6grC9VemZoJ8rg/132', '', '2022-03-05 14:23:57', '2023-08-17 14:31:37', 'zzg9+v4c1w4lQ+z9oxhlNQ==', NULL, NULL, NULL, NULL);
INSERT INTO `user_info` VALUES (349, NULL, '微信用户', 'oQCgY5caGhtJ-zDBLT9H0oIJ5-R0', '1', 'https://thirdwx.qlogo.cn/mmopen/vi_32/POgEwh4mIHO4nibH0KlMECNjjGxQUq24ZEaGT4poC6icRiccVGKSyXwibcPq4BWmiaIGuG1icwxaQX6grC9VemZoJ8rg/132', '', '2022-03-28 17:29:05', '2023-09-01 19:43:25', 'eLgHZDvedyQ0IP3QLqFvkQ==', NULL, NULL, NULL, NULL);
INSERT INTO `user_info` VALUES (447, NULL, '微信用户', 'oQCgY5eDvQI9g8sV0-Jf54bcmggc', '1', 'https://thirdwx.qlogo.cn/mmopen/vi_32/POgEwh4mIHO4nibH0KlMECNjjGxQUq24ZEaGT4poC6icRiccVGKSyXwibcPq4BWmiaIGuG1icwxaQX6grC9VemZoJ8rg/132', NULL, '2023-01-22 21:04:16', '2023-01-22 21:04:35', 'lsgleFPgbl16v8vgHCW/4Q==', NULL, NULL, NULL, 0);
INSERT INTO `user_info` VALUES (448, NULL, '王五', 'oQCgY5V6J1WigTVsIy5b0OxSBjzY', '1', NULL, NULL, '2023-01-23 14:55:07', NULL, 'kCjf+CzntNResZZdyzjdAg==', NULL, NULL, NULL, 0);
INSERT INTO `user_info` VALUES (449, NULL, '赵六', 'oQCgY5alUEt2-s9urb60a-KmtHkA', '1', NULL, NULL, '2023-01-29 23:17:02', NULL, 'WBG+gJkOjXCJaNku6vlpaQ==', NULL, NULL, NULL, 0);
INSERT INTO `user_info` VALUES (450, NULL, '李七', 'oQCgY5SEnxBCg2EyFZC04IZxY4QA', '3', '', '', '2023-02-09 10:36:23', '2023-08-17 14:26:44', 'N7AEceEc4T5NhU44yycSxw==', 'yxy', 'qq', '02', 0);
INSERT INTO `user_info` VALUES (451, NULL, '微信用户', 'oQCgY5STi_eekRrCuD6GMMhpISs0', '1', 'https://thirdwx.qlogo.cn/mmopen/vi_32/POgEwh4mIHO4nibH0KlMECNjjGxQUq24ZEaGT4poC6icRiccVGKSyXwibcPq4BWmiaIGuG1icwxaQX6grC9VemZoJ8rg/132', '', '2023-02-09 10:37:51', '2023-02-28 15:14:58', 'XSRxduVZVMuszPyxI3TmHA==', NULL, NULL, '02', 0);
INSERT INTO `user_info` VALUES (452, NULL, '微信用户', 'oQCgY5RtoJtBShWpxIq9F8oGQL9I', '1', 'https://thirdwx.qlogo.cn/mmopen/vi_32/POgEwh4mIHO4nibH0KlMECNjjGxQUq24ZEaGT4poC6icRiccVGKSyXwibcPq4BWmiaIGuG1icwxaQX6grC9VemZoJ8rg/132', NULL, '2023-02-09 16:39:00', '2023-02-09 16:39:09', 'tvqmPMS4+ewB1UyIkEsdTw==', NULL, NULL, NULL, 0);
INSERT INTO `user_info` VALUES (453, NULL, '微信用户', 'oQCgY5T1mG2hGp1CanO-PfW_yyYE', '1', 'https://thirdwx.qlogo.cn/mmopen/vi_32/POgEwh4mIHO4nibH0KlMECNjjGxQUq24ZEaGT4poC6icRiccVGKSyXwibcPq4BWmiaIGuG1icwxaQX6grC9VemZoJ8rg/132', NULL, '2023-02-12 16:00:11', '2023-03-06 20:19:52', '5hKcHbBsQL1t64oUZl5diw==', NULL, NULL, NULL, 0);
INSERT INTO `user_info` VALUES (454, NULL, '微信用户', 'oQCgY5Tkd9eC2lQiBN35bRv_5HhI', '1', 'https://thirdwx.qlogo.cn/mmopen/vi_32/POgEwh4mIHO4nibH0KlMECNjjGxQUq24ZEaGT4poC6icRiccVGKSyXwibcPq4BWmiaIGuG1icwxaQX6grC9VemZoJ8rg/132', NULL, '2023-02-14 22:16:33', '2023-04-02 21:22:50', 'y6gXaRxSFKjJ42uC8fCGNQ==', NULL, NULL, NULL, 0);
INSERT INTO `user_info` VALUES (455, NULL, NULL, 'oQCgY5W8xFcKKtQayqMz4YHTU55I', '1', NULL, NULL, '2023-02-21 13:38:08', NULL, 'SGTrj1mXQpgAJJ9oJaN9cQ==', NULL, NULL, NULL, 0);

-- ----------------------------
-- Table structure for work_order
-- ----------------------------
DROP TABLE IF EXISTS `work_order`;
CREATE TABLE `work_order`  (
  `id` bigint(0) NOT NULL AUTO_INCREMENT,
  `category_id` int(0) NULL DEFAULT NULL COMMENT '问题类型ID',
  `problem_category` varchar(255) CHARACTER SET utf8mb3 COLLATE utf8mb3_general_ci NULL DEFAULT NULL COMMENT '问题描述',
  `problem_describe` varchar(255) CHARACTER SET utf8mb3 COLLATE utf8mb3_general_ci NULL DEFAULT NULL COMMENT '问题描述',
  `pic` varchar(255) CHARACTER SET utf8mb3 COLLATE utf8mb3_general_ci NULL DEFAULT NULL COMMENT '问题出现的图片',
  `pic1` varchar(255) CHARACTER SET utf8mb3 COLLATE utf8mb3_general_ci NULL DEFAULT NULL COMMENT '问题出现的问题',
  `pic2` varchar(255) CHARACTER SET utf8mb3 COLLATE utf8mb3_general_ci NULL DEFAULT NULL COMMENT '问题出现的图片',
  `phone` varchar(255) CHARACTER SET utf8mb3 COLLATE utf8mb3_general_ci NULL DEFAULT NULL COMMENT '联系方式',
  `status` varchar(255) CHARACTER SET utf8mb3 COLLATE utf8mb3_general_ci NULL DEFAULT NULL COMMENT '工单状态(1工单提交待处理2客服分配 3项目经理处理  4工程师处理 5项目经理待确认、完成)',
  `contacts` varchar(255) CHARACTER SET utf8mb3 COLLATE utf8mb3_general_ci NULL DEFAULT NULL COMMENT '联系人',
  `work_unit` varchar(255) CHARACTER SET utf8mb3 COLLATE utf8mb3_general_ci NULL DEFAULT NULL COMMENT '工作单位',
  `work_address` varchar(255) CHARACTER SET utf8mb3 COLLATE utf8mb3_general_ci NULL DEFAULT NULL COMMENT '工作地址',
  `device_num` int(0) NULL DEFAULT NULL COMMENT '设备数目',
  `device_type` varchar(100) CHARACTER SET utf8mb3 COLLATE utf8mb3_general_ci NULL DEFAULT NULL COMMENT '设备类型',
  `device_brand` varchar(200) CHARACTER SET utf8mb3 COLLATE utf8mb3_general_ci NULL DEFAULT '' COMMENT '设备品牌',
  `device_limit` double(8, 2) NULL DEFAULT NULL COMMENT 's设备额定负荷',
  `device_year` int(0) NULL DEFAULT NULL COMMENT '设备使用年限',
  `appointed_time` datetime(0) NULL DEFAULT NULL COMMENT '预约的时间',
  `order_describe` varchar(255) CHARACTER SET utf8mb3 COLLATE utf8mb3_general_ci NULL DEFAULT NULL COMMENT '工程师描述问题',
  `price` decimal(10, 2) NULL DEFAULT NULL COMMENT '工单处理价格',
  `user_id` bigint(0) NULL DEFAULT NULL COMMENT '提交工单的ID',
  `manage_user_id` bigint(0) NULL DEFAULT NULL COMMENT '项目经理ID',
  `manage_user_name` varchar(30) CHARACTER SET utf8mb3 COLLATE utf8mb3_general_ci NULL DEFAULT NULL COMMENT '项目经理姓名',
  `manage_deal_time` datetime(0) NULL DEFAULT NULL COMMENT '项目经理处理时间',
  `manage_deal_desc` varchar(500) CHARACTER SET utf8mb3 COLLATE utf8mb3_general_ci NULL DEFAULT NULL COMMENT '项目经理处理备注',
  `manage_deal_image` varchar(500) CHARACTER SET utf8mb3 COLLATE utf8mb3_general_ci NULL DEFAULT NULL COMMENT '项目经理处理图片',
  `engineer_user_id` bigint(0) NULL DEFAULT NULL COMMENT '处理工程师ID',
  `engineer_user_name` varchar(30) CHARACTER SET utf8mb3 COLLATE utf8mb3_general_ci NULL DEFAULT NULL COMMENT '工程师姓名',
  `engineer_deal_time` datetime(0) NULL DEFAULT NULL COMMENT '工程师处理时间',
  `manage_confirm_time` datetime(0) NULL DEFAULT NULL COMMENT '项目经理确认时间',
  `engineer_id` varchar(50) CHARACTER SET utf8mb3 COLLATE utf8mb3_general_ci NULL DEFAULT NULL COMMENT '工程师Id集合',
  `dispatch_feedback` varchar(500) CHARACTER SET utf8mb3 COLLATE utf8mb3_general_ci NULL DEFAULT NULL COMMENT '指派反馈',
  `dispatch_img` varchar(1000) CHARACTER SET utf8mb3 COLLATE utf8mb3_general_ci NULL DEFAULT NULL COMMENT '指派图片',
  `service_staff` bigint(0) NULL DEFAULT NULL COMMENT '客服人员ID',
  `service_name` varchar(300) CHARACTER SET utf8mb3 COLLATE utf8mb3_general_ci NULL DEFAULT NULL COMMENT '客服名称',
  `service_desc` varchar(500) CHARACTER SET utf8mb3 COLLATE utf8mb3_general_ci NULL DEFAULT NULL COMMENT '客服描述',
  `service_image` varchar(500) CHARACTER SET utf8mb3 COLLATE utf8mb3_general_ci NULL DEFAULT NULL COMMENT '客服照片',
  `finish_pic` varchar(255) CHARACTER SET utf8mb3 COLLATE utf8mb3_general_ci NULL DEFAULT NULL,
  `remark` text CHARACTER SET utf8mb3 COLLATE utf8mb3_general_ci NULL COMMENT '备注',
  `read_status` varchar(255) CHARACTER SET utf8mb3 COLLATE utf8mb3_general_ci NULL DEFAULT NULL COMMENT '阅读状态',
  `actual_amount` decimal(10, 0) NULL DEFAULT NULL COMMENT '实际收款金额',
  `order_number` varchar(50) CHARACTER SET utf8mb3 COLLATE utf8mb3_general_ci NULL DEFAULT NULL COMMENT '订单编号',
  `create_time` datetime(0) NULL DEFAULT NULL COMMENT '创建时间',
  `update_time` datetime(0) NULL DEFAULT NULL COMMENT '更新时间',
  `finish_time` datetime(0) NULL DEFAULT NULL COMMENT '完成时间',
  `submitter` varchar(255) CHARACTER SET utf8mb3 COLLATE utf8mb3_general_ci NULL DEFAULT NULL COMMENT '提交人',
  `order_type` varchar(255) CHARACTER SET utf8mb3 COLLATE utf8mb3_general_ci NULL DEFAULT NULL COMMENT '订单类型(1.普通工单2.派单)',
  `dispatch_phone` varchar(255) CHARACTER SET utf8mb3 COLLATE utf8mb3_general_ci NULL DEFAULT NULL COMMENT '派单电话',
  `dispatch_status` varchar(255) CHARACTER SET utf8mb3 COLLATE utf8mb3_general_ci NULL DEFAULT NULL COMMENT '派单状态(1.已派单2.未派单)',
  PRIMARY KEY (`id`) USING BTREE
) ENGINE = InnoDB AUTO_INCREMENT = 236 CHARACTER SET = utf8mb3 COLLATE = utf8mb3_general_ci ROW_FORMAT = Dynamic;

-- ----------------------------
-- Records of work_order
-- ----------------------------

SET FOREIGN_KEY_CHECKS = 1;
